Date,Time,Title,Type,Platforms,Status,Priority
2025-12-02,11:20,Behind the Scenes: How Sisi Lola Was Made,promotional,"YouTube, Instagram, TikTok, Facebook, Reddit, Twitch",pending,8
2025-12-02,11:31,African Culture Spotlight: The Great Jollof Debate,entertainment,"YouTube, Instagram, TikTok, Facebook, Reddit, Twitch",pending,8
2025-12-02,13:40,African Tech Innovation: AI Revolution in Lagos,educational,"YouTube, Instagram, TikTok, Facebook, Reddit, Twitch",pending,8
2025-12-02,18:02,Community: Welcome to Sisi Lola's Circle,community,"YouTube, Instagram, TikTok, Facebook, Reddit, Twitch",pending,8
2025-12-03,18:25,Community: Q&A: Ask Sisi Lola Anything,community,"YouTube, Instagram, TikTok, Facebook, Reddit, Twitch",pending,8
2025-12-04,17:32,African Culture Spotlight: Afrobeats Taking Over the World,entertainment,"YouTube, Instagram, TikTok, Facebook, Reddit, Twitch",pending,8
2025-12-04,17:36,African Proverbs: AI Edition - Entertainment,entertainment,"YouTube, Instagram, TikTok, Facebook, Reddit, Twitch",pending,8
2025-12-04,19:32,Learn: Digital Skills for African Youth,educational,"YouTube, Instagram, TikTok, Facebook, Reddit, Twitch",pending,8
2025-12-05,12:39,African Culture Spotlight: Ankara Fashion Evolution,educational,"YouTube, Instagram, TikTok, Facebook, Reddit, Twitch",pending,8
2025-12-08,12:28,Learn: AI for Beginners: Explained by Sisi Lola,educational,"YouTube, Instagram, TikTok, Facebook, Reddit, Twitch",pending,8
2025-12-08,13:03,Sisi Lola Reacts: Viral Trends - Entertainment,entertainment,"YouTube, Instagram, TikTok, Facebook, Reddit, Twitch",pending,8
2025-12-08,17:21,African Tech Innovation: African AgriTech Solutions,educational,"YouTube, Instagram, TikTok, Facebook, Reddit, Twitch",pending,8
2025-12-08,19:48,African Tech Innovation: Mobile Money Success Stories,educational,"YouTube, Instagram, TikTok, Facebook, Reddit, Twitch",pending,8
