ID,Filename,Category,Subcategory,Type,Resolution,Prompt,Tool,Status,Notes
AVT-REF-0001,SisiLola_Reference_Sheet_v01.png,01_AVATAR_DNA,01_Reference_Sheets,Image,8K (7680x4320),"Character reference sheet of Sisi Lola, African virtual host, view 1/10: front/side/back/3-4 view, full body, hyper-realistic, dark skin with subtle holographic glow, afro-futurist blazer, geometric face markings, professional model sheet layout, white background, multiple angles, Unreal Engine 5 quality, 8k --seed 45822 --style raw",Midjourney v6 / DALL-E 3,Pending Generation,Master reference angle 1
AVT-REF-0002,SisiLola_Reference_Sheet_v02.png,01_AVATAR_DNA,01_Reference_Sheets,Image,8K (7680x4320),"Character reference sheet of Sisi Lola, African virtual host, view 2/10: front/side/back/3-4 view, full body, hyper-realistic, dark skin with subtle holographic glow, afro-futurist blazer, geometric face markings, professional model sheet layout, white background, multiple angles, Unreal Engine 5 quality, 8k --seed 45822 --style raw",Midjourney v6 / DALL-E 3,Pending Generation,Master reference angle 2
AVT-REF-0003,SisiLola_Reference_Sheet_v03.png,01_AVATAR_DNA,01_Reference_Sheets,Image,8K (7680x4320),"Character reference sheet of Sisi Lola, African virtual host, view 3/10: front/side/back/3-4 view, full body, hyper-realistic, dark skin with subtle holographic glow, afro-futurist blazer, geometric face markings, professional model sheet layout, white background, multiple angles, Unreal Engine 5 quality, 8k --seed 45822 --style raw",Midjourney v6 / DALL-E 3,Pending Generation,Master reference angle 3
AVT-REF-0004,SisiLola_Reference_Sheet_v04.png,01_AVATAR_DNA,01_Reference_Sheets,Image,8K (7680x4320),"Character reference sheet of Sisi Lola, African virtual host, view 4/10: front/side/back/3-4 view, full body, hyper-realistic, dark skin with subtle holographic glow, afro-futurist blazer, geometric face markings, professional model sheet layout, white background, multiple angles, Unreal Engine 5 quality, 8k --seed 45822 --style raw",Midjourney v6 / DALL-E 3,Pending Generation,Master reference angle 4
AVT-REF-0005,SisiLola_Reference_Sheet_v05.png,01_AVATAR_DNA,01_Reference_Sheets,Image,8K (7680x4320),"Character reference sheet of Sisi Lola, African virtual host, view 5/10: front/side/back/3-4 view, full body, hyper-realistic, dark skin with subtle holographic glow, afro-futurist blazer, geometric face markings, professional model sheet layout, white background, multiple angles, Unreal Engine 5 quality, 8k --seed 45822 --style raw",Midjourney v6 / DALL-E 3,Pending Generation,Master reference angle 5
AVT-REF-0006,SisiLola_Reference_Sheet_v06.png,01_AVATAR_DNA,01_Reference_Sheets,Image,8K (7680x4320),"Character reference sheet of Sisi Lola, African virtual host, view 6/10: front/side/back/3-4 view, full body, hyper-realistic, dark skin with subtle holographic glow, afro-futurist blazer, geometric face markings, professional model sheet layout, white background, multiple angles, Unreal Engine 5 quality, 8k --seed 45822 --style raw",Midjourney v6 / DALL-E 3,Pending Generation,Master reference angle 6
AVT-REF-0007,SisiLola_Reference_Sheet_v07.png,01_AVATAR_DNA,01_Reference_Sheets,Image,8K (7680x4320),"Character reference sheet of Sisi Lola, African virtual host, view 7/10: front/side/back/3-4 view, full body, hyper-realistic, dark skin with subtle holographic glow, afro-futurist blazer, geometric face markings, professional model sheet layout, white background, multiple angles, Unreal Engine 5 quality, 8k --seed 45822 --style raw",Midjourney v6 / DALL-E 3,Pending Generation,Master reference angle 7
AVT-REF-0008,SisiLola_Reference_Sheet_v08.png,01_AVATAR_DNA,01_Reference_Sheets,Image,8K (7680x4320),"Character reference sheet of Sisi Lola, African virtual host, view 8/10: front/side/back/3-4 view, full body, hyper-realistic, dark skin with subtle holographic glow, afro-futurist blazer, geometric face markings, professional model sheet layout, white background, multiple angles, Unreal Engine 5 quality, 8k --seed 45822 --style raw",Midjourney v6 / DALL-E 3,Pending Generation,Master reference angle 8
AVT-REF-0009,SisiLola_Reference_Sheet_v09.png,01_AVATAR_DNA,01_Reference_Sheets,Image,8K (7680x4320),"Character reference sheet of Sisi Lola, African virtual host, view 9/10: front/side/back/3-4 view, full body, hyper-realistic, dark skin with subtle holographic glow, afro-futurist blazer, geometric face markings, professional model sheet layout, white background, multiple angles, Unreal Engine 5 quality, 8k --seed 45822 --style raw",Midjourney v6 / DALL-E 3,Pending Generation,Master reference angle 9
AVT-REF-0010,SisiLola_Reference_Sheet_v10.png,01_AVATAR_DNA,01_Reference_Sheets,Image,8K (7680x4320),"Character reference sheet of Sisi Lola, African virtual host, view 10/10: front/side/back/3-4 view, full body, hyper-realistic, dark skin with subtle holographic glow, afro-futurist blazer, geometric face markings, professional model sheet layout, white background, multiple angles, Unreal Engine 5 quality, 8k --seed 45822 --style raw",Midjourney v6 / DALL-E 3,Pending Generation,Master reference angle 10
AVT-EXP-0011,SisiLola_Expression_Neutral.png,01_AVATAR_DNA,02_Expression_Library,Image,4K (3840x2160),"Close-up portrait of Sisi Lola showing Neutral expression, hyper-realistic African woman, subtle holographic face markings, professional studio lighting, shallow depth of field, same face consistency, model: SR-SISILOLA-001, 4k portrait --seed 45822",Midjourney v6,Pending Generation,Expression library for animation rigging
AVT-EXP-0012,SisiLola_Expression_Happy_Smile.png,01_AVATAR_DNA,02_Expression_Library,Image,4K (3840x2160),"Close-up portrait of Sisi Lola showing Happy Smile expression, hyper-realistic African woman, subtle holographic face markings, professional studio lighting, shallow depth of field, same face consistency, model: SR-SISILOLA-001, 4k portrait --seed 45822",Midjourney v6,Pending Generation,Expression library for animation rigging
AVT-EXP-0013,SisiLola_Expression_Laughing.png,01_AVATAR_DNA,02_Expression_Library,Image,4K (3840x2160),"Close-up portrait of Sisi Lola showing Laughing expression, hyper-realistic African woman, subtle holographic face markings, professional studio lighting, shallow depth of field, same face consistency, model: SR-SISILOLA-001, 4k portrait --seed 45822",Midjourney v6,Pending Generation,Expression library for animation rigging
AVT-EXP-0014,SisiLola_Expression_Thoughtful.png,01_AVATAR_DNA,02_Expression_Library,Image,4K (3840x2160),"Close-up portrait of Sisi Lola showing Thoughtful expression, hyper-realistic African woman, subtle holographic face markings, professional studio lighting, shallow depth of field, same face consistency, model: SR-SISILOLA-001, 4k portrait --seed 45822",Midjourney v6,Pending Generation,Expression library for animation rigging
AVT-EXP-0015,SisiLola_Expression_Surprised.png,01_AVATAR_DNA,02_Expression_Library,Image,4K (3840x2160),"Close-up portrait of Sisi Lola showing Surprised expression, hyper-realistic African woman, subtle holographic face markings, professional studio lighting, shallow depth of field, same face consistency, model: SR-SISILOLA-001, 4k portrait --seed 45822",Midjourney v6,Pending Generation,Expression library for animation rigging
AVT-EXP-0016,SisiLola_Expression_Curious.png,01_AVATAR_DNA,02_Expression_Library,Image,4K (3840x2160),"Close-up portrait of Sisi Lola showing Curious expression, hyper-realistic African woman, subtle holographic face markings, professional studio lighting, shallow depth of field, same face consistency, model: SR-SISILOLA-001, 4k portrait --seed 45822",Midjourney v6,Pending Generation,Expression library for animation rigging
AVT-EXP-0017,SisiLola_Expression_Confident.png,01_AVATAR_DNA,02_Expression_Library,Image,4K (3840x2160),"Close-up portrait of Sisi Lola showing Confident expression, hyper-realistic African woman, subtle holographic face markings, professional studio lighting, shallow depth of field, same face consistency, model: SR-SISILOLA-001, 4k portrait --seed 45822",Midjourney v6,Pending Generation,Expression library for animation rigging
AVT-EXP-0018,SisiLola_Expression_Empathetic.png,01_AVATAR_DNA,02_Expression_Library,Image,4K (3840x2160),"Close-up portrait of Sisi Lola showing Empathetic expression, hyper-realistic African woman, subtle holographic face markings, professional studio lighting, shallow depth of field, same face consistency, model: SR-SISILOLA-001, 4k portrait --seed 45822",Midjourney v6,Pending Generation,Expression library for animation rigging
AVT-EXP-0019,SisiLola_Expression_Excited.png,01_AVATAR_DNA,02_Expression_Library,Image,4K (3840x2160),"Close-up portrait of Sisi Lola showing Excited expression, hyper-realistic African woman, subtle holographic face markings, professional studio lighting, shallow depth of field, same face consistency, model: SR-SISILOLA-001, 4k portrait --seed 45822",Midjourney v6,Pending Generation,Expression library for animation rigging
AVT-EXP-0020,SisiLola_Expression_Professional.png,01_AVATAR_DNA,02_Expression_Library,Image,4K (3840x2160),"Close-up portrait of Sisi Lola showing Professional expression, hyper-realistic African woman, subtle holographic face markings, professional studio lighting, shallow depth of field, same face consistency, model: SR-SISILOLA-001, 4k portrait --seed 45822",Midjourney v6,Pending Generation,Expression library for animation rigging
AVT-EXP-0021,SisiLola_Expression_Skeptical.png,01_AVATAR_DNA,02_Expression_Library,Image,4K (3840x2160),"Close-up portrait of Sisi Lola showing Skeptical expression, hyper-realistic African woman, subtle holographic face markings, professional studio lighting, shallow depth of field, same face consistency, model: SR-SISILOLA-001, 4k portrait --seed 45822",Midjourney v6,Pending Generation,Expression library for animation rigging
AVT-EXP-0022,SisiLola_Expression_Amused.png,01_AVATAR_DNA,02_Expression_Library,Image,4K (3840x2160),"Close-up portrait of Sisi Lola showing Amused expression, hyper-realistic African woman, subtle holographic face markings, professional studio lighting, shallow depth of field, same face consistency, model: SR-SISILOLA-001, 4k portrait --seed 45822",Midjourney v6,Pending Generation,Expression library for animation rigging
AVT-EXP-0023,SisiLola_Expression_Passionate.png,01_AVATAR_DNA,02_Expression_Library,Image,4K (3840x2160),"Close-up portrait of Sisi Lola showing Passionate expression, hyper-realistic African woman, subtle holographic face markings, professional studio lighting, shallow depth of field, same face consistency, model: SR-SISILOLA-001, 4k portrait --seed 45822",Midjourney v6,Pending Generation,Expression library for animation rigging
AVT-EXP-0024,SisiLola_Expression_Calm.png,01_AVATAR_DNA,02_Expression_Library,Image,4K (3840x2160),"Close-up portrait of Sisi Lola showing Calm expression, hyper-realistic African woman, subtle holographic face markings, professional studio lighting, shallow depth of field, same face consistency, model: SR-SISILOLA-001, 4k portrait --seed 45822",Midjourney v6,Pending Generation,Expression library for animation rigging
AVT-EXP-0025,SisiLola_Expression_Welcoming.png,01_AVATAR_DNA,02_Expression_Library,Image,4K (3840x2160),"Close-up portrait of Sisi Lola showing Welcoming expression, hyper-realistic African woman, subtle holographic face markings, professional studio lighting, shallow depth of field, same face consistency, model: SR-SISILOLA-001, 4k portrait --seed 45822",Midjourney v6,Pending Generation,Expression library for animation rigging
AVT-OUT-0026,SisiLola_Outfit_Afrofuturist_Blazer_Purple.png,01_AVATAR_DNA,03_Outfit_Variations,Image,8K (7680x4320),"Full body shot of Sisi Lola wearing Afrofuturist Blazer Purple, hyper-realistic African virtual host, fashion photography, studio lighting, neutral gray background, model pose, high detail fabric textures, same face consistency --seed 45822 --style raw --ar 2:3",Midjourney v6,Pending Generation,Wardrobe variation for different content types
AVT-OUT-0027,SisiLola_Outfit_Holographic_Aso_Ebi.png,01_AVATAR_DNA,03_Outfit_Variations,Image,8K (7680x4320),"Full body shot of Sisi Lola wearing Holographic Aso Ebi, hyper-realistic African virtual host, fashion photography, studio lighting, neutral gray background, model pose, high detail fabric textures, same face consistency --seed 45822 --style raw --ar 2:3",Midjourney v6,Pending Generation,Wardrobe variation for different content types
AVT-OUT-0028,SisiLola_Outfit_Cyber_Turtleneck_Gold.png,01_AVATAR_DNA,03_Outfit_Variations,Image,8K (7680x4320),"Full body shot of Sisi Lola wearing Cyber Turtleneck Gold, hyper-realistic African virtual host, fashion photography, studio lighting, neutral gray background, model pose, high detail fabric textures, same face consistency --seed 45822 --style raw --ar 2:3",Midjourney v6,Pending Generation,Wardrobe variation for different content types
AVT-OUT-0029,SisiLola_Outfit_Executive_Pantsuit_Chrome.png,01_AVATAR_DNA,03_Outfit_Variations,Image,8K (7680x4320),"Full body shot of Sisi Lola wearing Executive Pantsuit Chrome, hyper-realistic African virtual host, fashion photography, studio lighting, neutral gray background, model pose, high detail fabric textures, same face consistency --seed 45822 --style raw --ar 2:3",Midjourney v6,Pending Generation,Wardrobe variation for different content types
AVT-OUT-0030,SisiLola_Outfit_Casual_Smart_Denim.png,01_AVATAR_DNA,03_Outfit_Variations,Image,8K (7680x4320),"Full body shot of Sisi Lola wearing Casual Smart Denim, hyper-realistic African virtual host, fashion photography, studio lighting, neutral gray background, model pose, high detail fabric textures, same face consistency --seed 45822 --style raw --ar 2:3",Midjourney v6,Pending Generation,Wardrobe variation for different content types
AVT-OUT-0031,SisiLola_Outfit_Evening_Gown_Liquid_Metal.png,01_AVATAR_DNA,03_Outfit_Variations,Image,8K (7680x4320),"Full body shot of Sisi Lola wearing Evening Gown Liquid Metal, hyper-realistic African virtual host, fashion photography, studio lighting, neutral gray background, model pose, high detail fabric textures, same face consistency --seed 45822 --style raw --ar 2:3",Midjourney v6,Pending Generation,Wardrobe variation for different content types
AVT-OUT-0032,SisiLola_Outfit_Tech_Wear_Tactical.png,01_AVATAR_DNA,03_Outfit_Variations,Image,8K (7680x4320),"Full body shot of Sisi Lola wearing Tech Wear Tactical, hyper-realistic African virtual host, fashion photography, studio lighting, neutral gray background, model pose, high detail fabric textures, same face consistency --seed 45822 --style raw --ar 2:3",Midjourney v6,Pending Generation,Wardrobe variation for different content types
AVT-OUT-0033,SisiLola_Outfit_Traditional_Modern_Ankara.png,01_AVATAR_DNA,03_Outfit_Variations,Image,8K (7680x4320),"Full body shot of Sisi Lola wearing Traditional Modern Ankara, hyper-realistic African virtual host, fashion photography, studio lighting, neutral gray background, model pose, high detail fabric textures, same face consistency --seed 45822 --style raw --ar 2:3",Midjourney v6,Pending Generation,Wardrobe variation for different content types
AVT-OUT-0034,SisiLola_Outfit_Minimalist_White_Suit.png,01_AVATAR_DNA,03_Outfit_Variations,Image,8K (7680x4320),"Full body shot of Sisi Lola wearing Minimalist White Suit, hyper-realistic African virtual host, fashion photography, studio lighting, neutral gray background, model pose, high detail fabric textures, same face consistency --seed 45822 --style raw --ar 2:3",Midjourney v6,Pending Generation,Wardrobe variation for different content types
AVT-OUT-0035,SisiLola_Outfit_Neon_Streetwear.png,01_AVATAR_DNA,03_Outfit_Variations,Image,8K (7680x4320),"Full body shot of Sisi Lola wearing Neon Streetwear, hyper-realistic African virtual host, fashion photography, studio lighting, neutral gray background, model pose, high detail fabric textures, same face consistency --seed 45822 --style raw --ar 2:3",Midjourney v6,Pending Generation,Wardrobe variation for different content types
AVT-OUT-0036,SisiLola_Outfit_Business_Casual_Warm.png,01_AVATAR_DNA,03_Outfit_Variations,Image,8K (7680x4320),"Full body shot of Sisi Lola wearing Business Casual Warm, hyper-realistic African virtual host, fashion photography, studio lighting, neutral gray background, model pose, high detail fabric textures, same face consistency --seed 45822 --style raw --ar 2:3",Midjourney v6,Pending Generation,Wardrobe variation for different content types
AVT-OUT-0037,SisiLola_Outfit_Athleisure_Futuristic.png,01_AVATAR_DNA,03_Outfit_Variations,Image,8K (7680x4320),"Full body shot of Sisi Lola wearing Athleisure Futuristic, hyper-realistic African virtual host, fashion photography, studio lighting, neutral gray background, model pose, high detail fabric textures, same face consistency --seed 45822 --style raw --ar 2:3",Midjourney v6,Pending Generation,Wardrobe variation for different content types
AVT-OUT-0038,SisiLola_Outfit_Formal_Event_Royal_Blue.png,01_AVATAR_DNA,03_Outfit_Variations,Image,8K (7680x4320),"Full body shot of Sisi Lola wearing Formal Event Royal Blue, hyper-realistic African virtual host, fashion photography, studio lighting, neutral gray background, model pose, high detail fabric textures, same face consistency --seed 45822 --style raw --ar 2:3",Midjourney v6,Pending Generation,Wardrobe variation for different content types
AVT-OUT-0039,SisiLola_Outfit_Creative_Artistic_Mixed.png,01_AVATAR_DNA,03_Outfit_Variations,Image,8K (7680x4320),"Full body shot of Sisi Lola wearing Creative Artistic Mixed, hyper-realistic African virtual host, fashion photography, studio lighting, neutral gray background, model pose, high detail fabric textures, same face consistency --seed 45822 --style raw --ar 2:3",Midjourney v6,Pending Generation,Wardrobe variation for different content types
AVT-OUT-0040,SisiLola_Outfit_Winter_Coat_Textured.png,01_AVATAR_DNA,03_Outfit_Variations,Image,8K (7680x4320),"Full body shot of Sisi Lola wearing Winter Coat Textured, hyper-realistic African virtual host, fashion photography, studio lighting, neutral gray background, model pose, high detail fabric textures, same face consistency --seed 45822 --style raw --ar 2:3",Midjourney v6,Pending Generation,Wardrobe variation for different content types
AVT-OUT-0041,SisiLola_Outfit_Summer_Light_Flowing.png,01_AVATAR_DNA,03_Outfit_Variations,Image,8K (7680x4320),"Full body shot of Sisi Lola wearing Summer Light Flowing, hyper-realistic African virtual host, fashion photography, studio lighting, neutral gray background, model pose, high detail fabric textures, same face consistency --seed 45822 --style raw --ar 2:3",Midjourney v6,Pending Generation,Wardrobe variation for different content types
AVT-OUT-0042,SisiLola_Outfit_Studio_Recording_Comfortable.png,01_AVATAR_DNA,03_Outfit_Variations,Image,8K (7680x4320),"Full body shot of Sisi Lola wearing Studio Recording Comfortable, hyper-realistic African virtual host, fashion photography, studio lighting, neutral gray background, model pose, high detail fabric textures, same face consistency --seed 45822 --style raw --ar 2:3",Midjourney v6,Pending Generation,Wardrobe variation for different content types
AVT-OUT-0043,SisiLola_Outfit_VR_Motion_Capture_Suit.png,01_AVATAR_DNA,03_Outfit_Variations,Image,8K (7680x4320),"Full body shot of Sisi Lola wearing VR Motion Capture Suit, hyper-realistic African virtual host, fashion photography, studio lighting, neutral gray background, model pose, high detail fabric textures, same face consistency --seed 45822 --style raw --ar 2:3",Midjourney v6,Pending Generation,Wardrobe variation for different content types
AVT-OUT-0044,SisiLola_Outfit_Red_Carpet_Glamorous.png,01_AVATAR_DNA,03_Outfit_Variations,Image,8K (7680x4320),"Full body shot of Sisi Lola wearing Red Carpet Glamorous, hyper-realistic African virtual host, fashion photography, studio lighting, neutral gray background, model pose, high detail fabric textures, same face consistency --seed 45822 --style raw --ar 2:3",Midjourney v6,Pending Generation,Wardrobe variation for different content types
AVT-OUT-0045,SisiLola_Outfit_Podcast_Host_Signature.png,01_AVATAR_DNA,03_Outfit_Variations,Image,8K (7680x4320),"Full body shot of Sisi Lola wearing Podcast Host Signature, hyper-realistic African virtual host, fashion photography, studio lighting, neutral gray background, model pose, high detail fabric textures, same face consistency --seed 45822 --style raw --ar 2:3",Midjourney v6,Pending Generation,Wardrobe variation for different content types
AVT-POSE-0046,SisiLola_Pose_Standing_Confident.png,01_AVATAR_DNA,04_Pose_Sets,Image,6K (6144x3456),"Sisi Lola in Standing Confident pose, full body, hyper-realistic African virtual host, wearing signature afrofuturist blazer, professional photography, studio lighting, seamless gray backdrop, natural pose, same face --seed 45822 --ar 16:9",Midjourney v6,Pending Generation,Pose library for composition variety
AVT-POSE-0047,SisiLola_Pose_Sitting_Interview.png,01_AVATAR_DNA,04_Pose_Sets,Image,6K (6144x3456),"Sisi Lola in Sitting Interview pose, full body, hyper-realistic African virtual host, wearing signature afrofuturist blazer, professional photography, studio lighting, seamless gray backdrop, natural pose, same face --seed 45822 --ar 16:9",Midjourney v6,Pending Generation,Pose library for composition variety
AVT-POSE-0048,SisiLola_Pose_Gesturing_Explaining.png,01_AVATAR_DNA,04_Pose_Sets,Image,6K (6144x3456),"Sisi Lola in Gesturing Explaining pose, full body, hyper-realistic African virtual host, wearing signature afrofuturist blazer, professional photography, studio lighting, seamless gray backdrop, natural pose, same face --seed 45822 --ar 16:9",Midjourney v6,Pending Generation,Pose library for composition variety
AVT-POSE-0049,SisiLola_Pose_Leaning_Casual.png,01_AVATAR_DNA,04_Pose_Sets,Image,6K (6144x3456),"Sisi Lola in Leaning Casual pose, full body, hyper-realistic African virtual host, wearing signature afrofuturist blazer, professional photography, studio lighting, seamless gray backdrop, natural pose, same face --seed 45822 --ar 16:9",Midjourney v6,Pending Generation,Pose library for composition variety
AVT-POSE-0050,SisiLola_Pose_Walking_Dynamic.png,01_AVATAR_DNA,04_Pose_Sets,Image,6K (6144x3456),"Sisi Lola in Walking Dynamic pose, full body, hyper-realistic African virtual host, wearing signature afrofuturist blazer, professional photography, studio lighting, seamless gray backdrop, natural pose, same face --seed 45822 --ar 16:9",Midjourney v6,Pending Generation,Pose library for composition variety
AVT-POSE-0051,SisiLola_Pose_Laughing_Animated.png,01_AVATAR_DNA,04_Pose_Sets,Image,6K (6144x3456),"Sisi Lola in Laughing Animated pose, full body, hyper-realistic African virtual host, wearing signature afrofuturist blazer, professional photography, studio lighting, seamless gray backdrop, natural pose, same face --seed 45822 --ar 16:9",Midjourney v6,Pending Generation,Pose library for composition variety
AVT-POSE-0052,SisiLola_Pose_Thinking_Hand_On_Chin.png,01_AVATAR_DNA,04_Pose_Sets,Image,6K (6144x3456),"Sisi Lola in Thinking Hand On Chin pose, full body, hyper-realistic African virtual host, wearing signature afrofuturist blazer, professional photography, studio lighting, seamless gray backdrop, natural pose, same face --seed 45822 --ar 16:9",Midjourney v6,Pending Generation,Pose library for composition variety
AVT-POSE-0053,SisiLola_Pose_Welcoming_Arms_Open.png,01_AVATAR_DNA,04_Pose_Sets,Image,6K (6144x3456),"Sisi Lola in Welcoming Arms Open pose, full body, hyper-realistic African virtual host, wearing signature afrofuturist blazer, professional photography, studio lighting, seamless gray backdrop, natural pose, same face --seed 45822 --ar 16:9",Midjourney v6,Pending Generation,Pose library for composition variety
AVT-POSE-0054,SisiLola_Pose_Professional_Handshake.png,01_AVATAR_DNA,04_Pose_Sets,Image,6K (6144x3456),"Sisi Lola in Professional Handshake pose, full body, hyper-realistic African virtual host, wearing signature afrofuturist blazer, professional photography, studio lighting, seamless gray backdrop, natural pose, same face --seed 45822 --ar 16:9",Midjourney v6,Pending Generation,Pose library for composition variety
AVT-POSE-0055,SisiLola_Pose_Recording_Podcast_Seated.png,01_AVATAR_DNA,04_Pose_Sets,Image,6K (6144x3456),"Sisi Lola in Recording Podcast Seated pose, full body, hyper-realistic African virtual host, wearing signature afrofuturist blazer, professional photography, studio lighting, seamless gray backdrop, natural pose, same face --seed 45822 --ar 16:9",Midjourney v6,Pending Generation,Pose library for composition variety
AVT-POSE-0056,SisiLola_Pose_Looking_At_Camera_Direct.png,01_AVATAR_DNA,04_Pose_Sets,Image,6K (6144x3456),"Sisi Lola in Looking At Camera Direct pose, full body, hyper-realistic African virtual host, wearing signature afrofuturist blazer, professional photography, studio lighting, seamless gray backdrop, natural pose, same face --seed 45822 --ar 16:9",Midjourney v6,Pending Generation,Pose library for composition variety
AVT-POSE-0057,SisiLola_Pose_Side_Profile_Elegant.png,01_AVATAR_DNA,04_Pose_Sets,Image,6K (6144x3456),"Sisi Lola in Side Profile Elegant pose, full body, hyper-realistic African virtual host, wearing signature afrofuturist blazer, professional photography, studio lighting, seamless gray backdrop, natural pose, same face --seed 45822 --ar 16:9",Midjourney v6,Pending Generation,Pose library for composition variety
AVT-POSE-0058,SisiLola_Pose_Action_Pointing.png,01_AVATAR_DNA,04_Pose_Sets,Image,6K (6144x3456),"Sisi Lola in Action Pointing pose, full body, hyper-realistic African virtual host, wearing signature afrofuturist blazer, professional photography, studio lighting, seamless gray backdrop, natural pose, same face --seed 45822 --ar 16:9",Midjourney v6,Pending Generation,Pose library for composition variety
AVT-POSE-0059,SisiLola_Pose_Relaxed_Lounge.png,01_AVATAR_DNA,04_Pose_Sets,Image,6K (6144x3456),"Sisi Lola in Relaxed Lounge pose, full body, hyper-realistic African virtual host, wearing signature afrofuturist blazer, professional photography, studio lighting, seamless gray backdrop, natural pose, same face --seed 45822 --ar 16:9",Midjourney v6,Pending Generation,Pose library for composition variety
AVT-POSE-0060,SisiLola_Pose_Power_Pose_Hands_On_Hips.png,01_AVATAR_DNA,04_Pose_Sets,Image,6K (6144x3456),"Sisi Lola in Power Pose Hands On Hips pose, full body, hyper-realistic African virtual host, wearing signature afrofuturist blazer, professional photography, studio lighting, seamless gray backdrop, natural pose, same face --seed 45822 --ar 16:9",Midjourney v6,Pending Generation,Pose library for composition variety
ENV-STUD-0061,Environment_MainStudio_Angle01_Wide_Establishing.jpg,02_ENVIRONMENTS_VR,01_Main_Studio_TheLoungeofLagos,Image/360,8K (7680x4320),"Luxury podcast studio interior, floating glass pod above futuristic Lagos, wide establishing, neon skyline visible through floor-to-ceiling windows, sleek white furniture, floating holographic displays, bioluminescent plants, afro-futurist aesthetics meets minimalism, volumetric lighting, unreal engine 5, architectural photography, hyper-realistic --ar 16:9 --style raw",Midjourney v6 / Skybox AI,Pending Generation,Primary studio environment - angle variation 1
ENV-STUD-0062,Environment_MainStudio_Angle02_Medium_Desk_View.jpg,02_ENVIRONMENTS_VR,01_Main_Studio_TheLoungeofLagos,Image/360,8K (7680x4320),"Luxury podcast studio interior, floating glass pod above futuristic Lagos, medium desk view, neon skyline visible through floor-to-ceiling windows, sleek white furniture, floating holographic displays, bioluminescent plants, afro-futurist aesthetics meets minimalism, volumetric lighting, unreal engine 5, architectural photography, hyper-realistic --ar 16:9 --style raw",Midjourney v6 / Skybox AI,Pending Generation,Primary studio environment - angle variation 2
ENV-STUD-0063,Environment_MainStudio_Angle03_Close_Seating.jpg,02_ENVIRONMENTS_VR,01_Main_Studio_TheLoungeofLagos,Image/360,8K (7680x4320),"Luxury podcast studio interior, floating glass pod above futuristic Lagos, close seating, neon skyline visible through floor-to-ceiling windows, sleek white furniture, floating holographic displays, bioluminescent plants, afro-futurist aesthetics meets minimalism, volumetric lighting, unreal engine 5, architectural photography, hyper-realistic --ar 16:9 --style raw",Midjourney v6 / Skybox AI,Pending Generation,Primary studio environment - angle variation 3
ENV-STUD-0064,Environment_MainStudio_Angle04_Overhead_Bird_Eye.jpg,02_ENVIRONMENTS_VR,01_Main_Studio_TheLoungeofLagos,Image/360,8K (7680x4320),"Luxury podcast studio interior, floating glass pod above futuristic Lagos, overhead bird eye, neon skyline visible through floor-to-ceiling windows, sleek white furniture, floating holographic displays, bioluminescent plants, afro-futurist aesthetics meets minimalism, volumetric lighting, unreal engine 5, architectural photography, hyper-realistic --ar 16:9 --style raw",Midjourney v6 / Skybox AI,Pending Generation,Primary studio environment - angle variation 4
ENV-STUD-0065,Environment_MainStudio_Angle05_Corner_Angle.jpg,02_ENVIRONMENTS_VR,01_Main_Studio_TheLoungeofLagos,Image/360,8K (7680x4320),"Luxury podcast studio interior, floating glass pod above futuristic Lagos, corner angle, neon skyline visible through floor-to-ceiling windows, sleek white furniture, floating holographic displays, bioluminescent plants, afro-futurist aesthetics meets minimalism, volumetric lighting, unreal engine 5, architectural photography, hyper-realistic --ar 16:9 --style raw",Midjourney v6 / Skybox AI,Pending Generation,Primary studio environment - angle variation 5
ENV-STUD-0066,Environment_MainStudio_Angle06_Window_Cityscape.jpg,02_ENVIRONMENTS_VR,01_Main_Studio_TheLoungeofLagos,Image/360,8K (7680x4320),"Luxury podcast studio interior, floating glass pod above futuristic Lagos, window cityscape, neon skyline visible through floor-to-ceiling windows, sleek white furniture, floating holographic displays, bioluminescent plants, afro-futurist aesthetics meets minimalism, volumetric lighting, unreal engine 5, architectural photography, hyper-realistic --ar 16:9 --style raw",Midjourney v6 / Skybox AI,Pending Generation,Primary studio environment - angle variation 6
ENV-STUD-0067,Environment_MainStudio_Angle07_Detail_Decor.jpg,02_ENVIRONMENTS_VR,01_Main_Studio_TheLoungeofLagos,Image/360,8K (7680x4320),"Luxury podcast studio interior, floating glass pod above futuristic Lagos, detail decor, neon skyline visible through floor-to-ceiling windows, sleek white furniture, floating holographic displays, bioluminescent plants, afro-futurist aesthetics meets minimalism, volumetric lighting, unreal engine 5, architectural photography, hyper-realistic --ar 16:9 --style raw",Midjourney v6 / Skybox AI,Pending Generation,Primary studio environment - angle variation 7
ENV-STUD-0068,Environment_MainStudio_Angle08_Night_Mood.jpg,02_ENVIRONMENTS_VR,01_Main_Studio_TheLoungeofLagos,Image/360,8K (7680x4320),"Luxury podcast studio interior, floating glass pod above futuristic Lagos, night mood, neon skyline visible through floor-to-ceiling windows, sleek white furniture, floating holographic displays, bioluminescent plants, afro-futurist aesthetics meets minimalism, volumetric lighting, unreal engine 5, architectural photography, hyper-realistic --ar 16:9 --style raw",Midjourney v6 / Skybox AI,Pending Generation,Primary studio environment - angle variation 8
ENV-STUD-0069,Environment_MainStudio_Angle09_Day_Bright.jpg,02_ENVIRONMENTS_VR,01_Main_Studio_TheLoungeofLagos,Image/360,8K (7680x4320),"Luxury podcast studio interior, floating glass pod above futuristic Lagos, day bright, neon skyline visible through floor-to-ceiling windows, sleek white furniture, floating holographic displays, bioluminescent plants, afro-futurist aesthetics meets minimalism, volumetric lighting, unreal engine 5, architectural photography, hyper-realistic --ar 16:9 --style raw",Midjourney v6 / Skybox AI,Pending Generation,Primary studio environment - angle variation 9
ENV-STUD-0070,Environment_MainStudio_Angle10_360_Panoramic.jpg,02_ENVIRONMENTS_VR,01_Main_Studio_TheLoungeofLagos,Image/360,8K Equirectangular,"Luxury podcast studio interior, floating glass pod above futuristic Lagos, 360 panoramic, neon skyline visible through floor-to-ceiling windows, sleek white furniture, floating holographic displays, bioluminescent plants, afro-futurist aesthetics meets minimalism, volumetric lighting, unreal engine 5, architectural photography, hyper-realistic --ar 16:9 --style raw",Midjourney v6 / Skybox AI,Pending Generation,Primary studio environment - angle variation 10
ENV-VOID-0071,Environment_TheVoid_Setup01.jpg,02_ENVIRONMENTS_VR,02_Tech_Review_TheVoid,Image,6K (6144x3456),"Minimalist tech review space, completely black void environment with single spotlight, floating holographic product display pedestal, subtle grid floor, cyberpunk aesthetic, moody dramatic lighting setup 1, high contrast, cinematic, unreal engine --ar 16:9",Midjourney v6,Pending Generation,Tech review backdrop variation 1
ENV-VOID-0072,Environment_TheVoid_Setup02.jpg,02_ENVIRONMENTS_VR,02_Tech_Review_TheVoid,Image,6K (6144x3456),"Minimalist tech review space, completely black void environment with single spotlight, floating holographic product display pedestal, subtle grid floor, cyberpunk aesthetic, moody dramatic lighting setup 2, high contrast, cinematic, unreal engine --ar 16:9",Midjourney v6,Pending Generation,Tech review backdrop variation 2
ENV-VOID-0073,Environment_TheVoid_Setup03.jpg,02_ENVIRONMENTS_VR,02_Tech_Review_TheVoid,Image,6K (6144x3456),"Minimalist tech review space, completely black void environment with single spotlight, floating holographic product display pedestal, subtle grid floor, cyberpunk aesthetic, moody dramatic lighting setup 3, high contrast, cinematic, unreal engine --ar 16:9",Midjourney v6,Pending Generation,Tech review backdrop variation 3
ENV-VOID-0074,Environment_TheVoid_Setup04.jpg,02_ENVIRONMENTS_VR,02_Tech_Review_TheVoid,Image,6K (6144x3456),"Minimalist tech review space, completely black void environment with single spotlight, floating holographic product display pedestal, subtle grid floor, cyberpunk aesthetic, moody dramatic lighting setup 4, high contrast, cinematic, unreal engine --ar 16:9",Midjourney v6,Pending Generation,Tech review backdrop variation 4
ENV-VOID-0075,Environment_TheVoid_Setup05.jpg,02_ENVIRONMENTS_VR,02_Tech_Review_TheVoid,Image,6K (6144x3456),"Minimalist tech review space, completely black void environment with single spotlight, floating holographic product display pedestal, subtle grid floor, cyberpunk aesthetic, moody dramatic lighting setup 5, high contrast, cinematic, unreal engine --ar 16:9",Midjourney v6,Pending Generation,Tech review backdrop variation 5
ENV-VOID-0076,Environment_TheVoid_Setup06.jpg,02_ENVIRONMENTS_VR,02_Tech_Review_TheVoid,Image,6K (6144x3456),"Minimalist tech review space, completely black void environment with single spotlight, floating holographic product display pedestal, subtle grid floor, cyberpunk aesthetic, moody dramatic lighting setup 6, high contrast, cinematic, unreal engine --ar 16:9",Midjourney v6,Pending Generation,Tech review backdrop variation 6
ENV-VOID-0077,Environment_TheVoid_Setup07.jpg,02_ENVIRONMENTS_VR,02_Tech_Review_TheVoid,Image,6K (6144x3456),"Minimalist tech review space, completely black void environment with single spotlight, floating holographic product display pedestal, subtle grid floor, cyberpunk aesthetic, moody dramatic lighting setup 7, high contrast, cinematic, unreal engine --ar 16:9",Midjourney v6,Pending Generation,Tech review backdrop variation 7
ENV-VOID-0078,Environment_TheVoid_Setup08.jpg,02_ENVIRONMENTS_VR,02_Tech_Review_TheVoid,Image,6K (6144x3456),"Minimalist tech review space, completely black void environment with single spotlight, floating holographic product display pedestal, subtle grid floor, cyberpunk aesthetic, moody dramatic lighting setup 8, high contrast, cinematic, unreal engine --ar 16:9",Midjourney v6,Pending Generation,Tech review backdrop variation 8
ENV-VOID-0079,Environment_TheVoid_Setup09.jpg,02_ENVIRONMENTS_VR,02_Tech_Review_TheVoid,Image,6K (6144x3456),"Minimalist tech review space, completely black void environment with single spotlight, floating holographic product display pedestal, subtle grid floor, cyberpunk aesthetic, moody dramatic lighting setup 9, high contrast, cinematic, unreal engine --ar 16:9",Midjourney v6,Pending Generation,Tech review backdrop variation 9
ENV-VOID-0080,Environment_TheVoid_Setup10.jpg,02_ENVIRONMENTS_VR,02_Tech_Review_TheVoid,Image,6K (6144x3456),"Minimalist tech review space, completely black void environment with single spotlight, floating holographic product display pedestal, subtle grid floor, cyberpunk aesthetic, moody dramatic lighting setup 10, high contrast, cinematic, unreal engine --ar 16:9",Midjourney v6,Pending Generation,Tech review backdrop variation 10
ENV-LOC-0081,Environment_Location_Cyber_Lagos_Street.jpg,02_ENVIRONMENTS_VR,06_OnLocation_Simulations,Image,8K (7680x4320),"Cyber Lagos Street, hyper-realistic environment, suitable for virtual host content creation, cinematic lighting, photorealistic, Unreal Engine 5 quality, suitable background for Sisi Lola integration --ar 16:9 --style raw",Midjourney v6,Pending Generation,Location diversity for varied content
ENV-LOC-0082,Environment_Location_Virtual_Beach_Sunset.jpg,02_ENVIRONMENTS_VR,06_OnLocation_Simulations,Image,8K (7680x4320),"Virtual Beach Sunset, hyper-realistic environment, suitable for virtual host content creation, cinematic lighting, photorealistic, Unreal Engine 5 quality, suitable background for Sisi Lola integration --ar 16:9 --style raw",Midjourney v6,Pending Generation,Location diversity for varied content
ENV-LOC-0083,Environment_Location_Afro_Tech_Conference.jpg,02_ENVIRONMENTS_VR,06_OnLocation_Simulations,Image,8K (7680x4320),"Afro Tech Conference, hyper-realistic environment, suitable for virtual host content creation, cinematic lighting, photorealistic, Unreal Engine 5 quality, suitable background for Sisi Lola integration --ar 16:9 --style raw",Midjourney v6,Pending Generation,Location diversity for varied content
ENV-LOC-0084,Environment_Location_Rooftop_Bar_Night.jpg,02_ENVIRONMENTS_VR,06_OnLocation_Simulations,Image,8K (7680x4320),"Rooftop Bar Night, hyper-realistic environment, suitable for virtual host content creation, cinematic lighting, photorealistic, Unreal Engine 5 quality, suitable background for Sisi Lola integration --ar 16:9 --style raw",Midjourney v6,Pending Generation,Location diversity for varied content
ENV-LOC-0085,Environment_Location_Art_Gallery_Modern.jpg,02_ENVIRONMENTS_VR,06_OnLocation_Simulations,Image,8K (7680x4320),"Art Gallery Modern, hyper-realistic environment, suitable for virtual host content creation, cinematic lighting, photorealistic, Unreal Engine 5 quality, suitable background for Sisi Lola integration --ar 16:9 --style raw",Midjourney v6,Pending Generation,Location diversity for varied content
ENV-LOC-0086,Environment_Location_University_Lecture_Hall.jpg,02_ENVIRONMENTS_VR,06_OnLocation_Simulations,Image,8K (7680x4320),"University Lecture Hall, hyper-realistic environment, suitable for virtual host content creation, cinematic lighting, photorealistic, Unreal Engine 5 quality, suitable background for Sisi Lola integration --ar 16:9 --style raw",Midjourney v6,Pending Generation,Location diversity for varied content
ENV-LOC-0087,Environment_Location_Outdoor_Garden_Day.jpg,02_ENVIRONMENTS_VR,06_OnLocation_Simulations,Image,8K (7680x4320),"Outdoor Garden Day, hyper-realistic environment, suitable for virtual host content creation, cinematic lighting, photorealistic, Unreal Engine 5 quality, suitable background for Sisi Lola integration --ar 16:9 --style raw",Midjourney v6,Pending Generation,Location diversity for varied content
ENV-LOC-0088,Environment_Location_Airport_Lounge_Futuristic.jpg,02_ENVIRONMENTS_VR,06_OnLocation_Simulations,Image,8K (7680x4320),"Airport Lounge Futuristic, hyper-realistic environment, suitable for virtual host content creation, cinematic lighting, photorealistic, Unreal Engine 5 quality, suitable background for Sisi Lola integration --ar 16:9 --style raw",Midjourney v6,Pending Generation,Location diversity for varied content
ENV-LOC-0089,Environment_Location_Home_Office_Cozy.jpg,02_ENVIRONMENTS_VR,06_OnLocation_Simulations,Image,8K (7680x4320),"Home Office Cozy, hyper-realistic environment, suitable for virtual host content creation, cinematic lighting, photorealistic, Unreal Engine 5 quality, suitable background for Sisi Lola integration --ar 16:9 --style raw",Midjourney v6,Pending Generation,Location diversity for varied content
ENV-LOC-0090,Environment_Location_Restaurant_Upscale.jpg,02_ENVIRONMENTS_VR,06_OnLocation_Simulations,Image,8K (7680x4320),"Restaurant Upscale, hyper-realistic environment, suitable for virtual host content creation, cinematic lighting, photorealistic, Unreal Engine 5 quality, suitable background for Sisi Lola integration --ar 16:9 --style raw",Midjourney v6,Pending Generation,Location diversity for varied content
ENV-LOC-0091,Environment_Location_Music_Studio_Recording.jpg,02_ENVIRONMENTS_VR,06_OnLocation_Simulations,Image,8K (7680x4320),"Music Studio Recording, hyper-realistic environment, suitable for virtual host content creation, cinematic lighting, photorealistic, Unreal Engine 5 quality, suitable background for Sisi Lola integration --ar 16:9 --style raw",Midjourney v6,Pending Generation,Location diversity for varied content
ENV-LOC-0092,Environment_Location_Library_Ancient_Modern_Mix.jpg,02_ENVIRONMENTS_VR,06_OnLocation_Simulations,Image,8K (7680x4320),"Library Ancient Modern Mix, hyper-realistic environment, suitable for virtual host content creation, cinematic lighting, photorealistic, Unreal Engine 5 quality, suitable background for Sisi Lola integration --ar 16:9 --style raw",Midjourney v6,Pending Generation,Location diversity for varied content
ENV-LOC-0093,Environment_Location_Shopping_Mall_Holographic.jpg,02_ENVIRONMENTS_VR,06_OnLocation_Simulations,Image,8K (7680x4320),"Shopping Mall Holographic, hyper-realistic environment, suitable for virtual host content creation, cinematic lighting, photorealistic, Unreal Engine 5 quality, suitable background for Sisi Lola integration --ar 16:9 --style raw",Midjourney v6,Pending Generation,Location diversity for varied content
ENV-LOC-0094,Environment_Location_Gym_High_Tech.jpg,02_ENVIRONMENTS_VR,06_OnLocation_Simulations,Image,8K (7680x4320),"Gym High Tech, hyper-realistic environment, suitable for virtual host content creation, cinematic lighting, photorealistic, Unreal Engine 5 quality, suitable background for Sisi Lola integration --ar 16:9 --style raw",Midjourney v6,Pending Generation,Location diversity for varied content
ENV-LOC-0095,Environment_Location_Park_VR_Nature.jpg,02_ENVIRONMENTS_VR,06_OnLocation_Simulations,Image,8K (7680x4320),"Park VR Nature, hyper-realistic environment, suitable for virtual host content creation, cinematic lighting, photorealistic, Unreal Engine 5 quality, suitable background for Sisi Lola integration --ar 16:9 --style raw",Midjourney v6,Pending Generation,Location diversity for varied content
ENV-360-0096,VR_360_Backdrop_Futuristic_City_Night.jpg,02_ENVIRONMENTS_VR,07_360_Backdrops,360 Panorama,8K Equirectangular (8192x4096),"360 degree equirectangular panorama, Futuristic City Night, immersive VR environment, no people, seamless loop, 8k HDR, suitable for virtual production --ar 2:1",Skybox AI / Blockade Labs,Pending Generation,VR background for immersive content
ENV-360-0097,VR_360_Backdrop_Tropical_Beach_Sunset.jpg,02_ENVIRONMENTS_VR,07_360_Backdrops,360 Panorama,8K Equirectangular (8192x4096),"360 degree equirectangular panorama, Tropical Beach Sunset, immersive VR environment, no people, seamless loop, 8k HDR, suitable for virtual production --ar 2:1",Skybox AI / Blockade Labs,Pending Generation,VR background for immersive content
ENV-360-0098,VR_360_Backdrop_Space_Station_Interior.jpg,02_ENVIRONMENTS_VR,07_360_Backdrops,360 Panorama,8K Equirectangular (8192x4096),"360 degree equirectangular panorama, Space Station Interior, immersive VR environment, no people, seamless loop, 8k HDR, suitable for virtual production --ar 2:1",Skybox AI / Blockade Labs,Pending Generation,VR background for immersive content
ENV-360-0099,VR_360_Backdrop_Ancient_African_Kingdom_Reimagined.jpg,02_ENVIRONMENTS_VR,07_360_Backdrops,360 Panorama,8K Equirectangular (8192x4096),"360 degree equirectangular panorama, Ancient African Kingdom Reimagined, immersive VR environment, no people, seamless loop, 8k HDR, suitable for virtual production --ar 2:1",Skybox AI / Blockade Labs,Pending Generation,VR background for immersive content
ENV-360-0100,VR_360_Backdrop_Underwater_Coral_City.jpg,02_ENVIRONMENTS_VR,07_360_Backdrops,360 Panorama,8K Equirectangular (8192x4096),"360 degree equirectangular panorama, Underwater Coral City, immersive VR environment, no people, seamless loop, 8k HDR, suitable for virtual production --ar 2:1",Skybox AI / Blockade Labs,Pending Generation,VR background for immersive content
ENV-360-0101,VR_360_Backdrop_Desert_Oasis_Modern.jpg,02_ENVIRONMENTS_VR,07_360_Backdrops,360 Panorama,8K Equirectangular (8192x4096),"360 degree equirectangular panorama, Desert Oasis Modern, immersive VR environment, no people, seamless loop, 8k HDR, suitable for virtual production --ar 2:1",Skybox AI / Blockade Labs,Pending Generation,VR background for immersive content
ENV-360-0102,VR_360_Backdrop_Mountain_Observatory.jpg,02_ENVIRONMENTS_VR,07_360_Backdrops,360 Panorama,8K Equirectangular (8192x4096),"360 degree equirectangular panorama, Mountain Observatory, immersive VR environment, no people, seamless loop, 8k HDR, suitable for virtual production --ar 2:1",Skybox AI / Blockade Labs,Pending Generation,VR background for immersive content
ENV-360-0103,VR_360_Backdrop_Virtual_Concert_Hall.jpg,02_ENVIRONMENTS_VR,07_360_Backdrops,360 Panorama,8K Equirectangular (8192x4096),"360 degree equirectangular panorama, Virtual Concert Hall, immersive VR environment, no people, seamless loop, 8k HDR, suitable for virtual production --ar 2:1",Skybox AI / Blockade Labs,Pending Generation,VR background for immersive content
ENV-360-0104,VR_360_Backdrop_Rainforest_Canopy.jpg,02_ENVIRONMENTS_VR,07_360_Backdrops,360 Panorama,8K Equirectangular (8192x4096),"360 degree equirectangular panorama, Rainforest Canopy, immersive VR environment, no people, seamless loop, 8k HDR, suitable for virtual production --ar 2:1",Skybox AI / Blockade Labs,Pending Generation,VR background for immersive content
ENV-360-0105,VR_360_Backdrop_Ice_Palace_Arctic.jpg,02_ENVIRONMENTS_VR,07_360_Backdrops,360 Panorama,8K Equirectangular (8192x4096),"360 degree equirectangular panorama, Ice Palace Arctic, immersive VR environment, no people, seamless loop, 8k HDR, suitable for virtual production --ar 2:1",Skybox AI / Blockade Labs,Pending Generation,VR background for immersive content
ENV-360-0106,VR_360_Backdrop_Savanna_Golden_Hour.jpg,02_ENVIRONMENTS_VR,07_360_Backdrops,360 Panorama,8K Equirectangular (8192x4096),"360 degree equirectangular panorama, Savanna Golden Hour, immersive VR environment, no people, seamless loop, 8k HDR, suitable for virtual production --ar 2:1",Skybox AI / Blockade Labs,Pending Generation,VR background for immersive content
ENV-360-0107,VR_360_Backdrop_Metropolis_Rain.jpg,02_ENVIRONMENTS_VR,07_360_Backdrops,360 Panorama,8K Equirectangular (8192x4096),"360 degree equirectangular panorama, Metropolis Rain, immersive VR environment, no people, seamless loop, 8k HDR, suitable for virtual production --ar 2:1",Skybox AI / Blockade Labs,Pending Generation,VR background for immersive content
ENV-360-0108,VR_360_Backdrop_Abstract_Geometric_Void.jpg,02_ENVIRONMENTS_VR,07_360_Backdrops,360 Panorama,8K Equirectangular (8192x4096),"360 degree equirectangular panorama, Abstract Geometric Void, immersive VR environment, no people, seamless loop, 8k HDR, suitable for virtual production --ar 2:1",Skybox AI / Blockade Labs,Pending Generation,VR background for immersive content
ENV-360-0109,VR_360_Backdrop_Bioluminescent_Cave.jpg,02_ENVIRONMENTS_VR,07_360_Backdrops,360 Panorama,8K Equirectangular (8192x4096),"360 degree equirectangular panorama, Bioluminescent Cave, immersive VR environment, no people, seamless loop, 8k HDR, suitable for virtual production --ar 2:1",Skybox AI / Blockade Labs,Pending Generation,VR background for immersive content
ENV-360-0110,VR_360_Backdrop_Floating_Islands.jpg,02_ENVIRONMENTS_VR,07_360_Backdrops,360 Panorama,8K Equirectangular (8192x4096),"360 degree equirectangular panorama, Floating Islands, immersive VR environment, no people, seamless loop, 8k HDR, suitable for virtual production --ar 2:1",Skybox AI / Blockade Labs,Pending Generation,VR background for immersive content
ENV-360-0111,VR_360_Backdrop_Neon_Market_Street.jpg,02_ENVIRONMENTS_VR,07_360_Backdrops,360 Panorama,8K Equirectangular (8192x4096),"360 degree equirectangular panorama, Neon Market Street, immersive VR environment, no people, seamless loop, 8k HDR, suitable for virtual production --ar 2:1",Skybox AI / Blockade Labs,Pending Generation,VR background for immersive content
ENV-360-0112,VR_360_Backdrop_Palace_Throne_Room.jpg,02_ENVIRONMENTS_VR,07_360_Backdrops,360 Panorama,8K Equirectangular (8192x4096),"360 degree equirectangular panorama, Palace Throne Room, immersive VR environment, no people, seamless loop, 8k HDR, suitable for virtual production --ar 2:1",Skybox AI / Blockade Labs,Pending Generation,VR background for immersive content
ENV-360-0113,VR_360_Backdrop_Tech_Factory_Clean.jpg,02_ENVIRONMENTS_VR,07_360_Backdrops,360 Panorama,8K Equirectangular (8192x4096),"360 degree equirectangular panorama, Tech Factory Clean, immersive VR environment, no people, seamless loop, 8k HDR, suitable for virtual production --ar 2:1",Skybox AI / Blockade Labs,Pending Generation,VR background for immersive content
ENV-360-0114,VR_360_Backdrop_Zen_Garden_Minimal.jpg,02_ENVIRONMENTS_VR,07_360_Backdrops,360 Panorama,8K Equirectangular (8192x4096),"360 degree equirectangular panorama, Zen Garden Minimal, immersive VR environment, no people, seamless loop, 8k HDR, suitable for virtual production --ar 2:1",Skybox AI / Blockade Labs,Pending Generation,VR background for immersive content
ENV-360-0115,VR_360_Backdrop_Cosmic_Nebula_Space.jpg,02_ENVIRONMENTS_VR,07_360_Backdrops,360 Panorama,8K Equirectangular (8192x4096),"360 degree equirectangular panorama, Cosmic Nebula Space, immersive VR environment, no people, seamless loop, 8k HDR, suitable for virtual production --ar 2:1",Skybox AI / Blockade Labs,Pending Generation,VR background for immersive content
ENV-360-0116,VR_360_Backdrop_Urban_Warehouse_Industrial.jpg,02_ENVIRONMENTS_VR,07_360_Backdrops,360 Panorama,8K Equirectangular (8192x4096),"360 degree equirectangular panorama, Urban Warehouse Industrial, immersive VR environment, no people, seamless loop, 8k HDR, suitable for virtual production --ar 2:1",Skybox AI / Blockade Labs,Pending Generation,VR background for immersive content
ENV-360-0117,VR_360_Backdrop_Luxury_Yacht_Deck.jpg,02_ENVIRONMENTS_VR,07_360_Backdrops,360 Panorama,8K Equirectangular (8192x4096),"360 degree equirectangular panorama, Luxury Yacht Deck, immersive VR environment, no people, seamless loop, 8k HDR, suitable for virtual production --ar 2:1",Skybox AI / Blockade Labs,Pending Generation,VR background for immersive content
ENV-360-0118,VR_360_Backdrop_Mountain_Temple.jpg,02_ENVIRONMENTS_VR,07_360_Backdrops,360 Panorama,8K Equirectangular (8192x4096),"360 degree equirectangular panorama, Mountain Temple, immersive VR environment, no people, seamless loop, 8k HDR, suitable for virtual production --ar 2:1",Skybox AI / Blockade Labs,Pending Generation,VR background for immersive content
ENV-360-0119,VR_360_Backdrop_Crystal_Cave_Glowing.jpg,02_ENVIRONMENTS_VR,07_360_Backdrops,360 Panorama,8K Equirectangular (8192x4096),"360 degree equirectangular panorama, Crystal Cave Glowing, immersive VR environment, no people, seamless loop, 8k HDR, suitable for virtual production --ar 2:1",Skybox AI / Blockade Labs,Pending Generation,VR background for immersive content
ENV-360-0120,VR_360_Backdrop_Cyber_Club_Neon.jpg,02_ENVIRONMENTS_VR,07_360_Backdrops,360 Panorama,8K Equirectangular (8192x4096),"360 degree equirectangular panorama, Cyber Club Neon, immersive VR environment, no people, seamless loop, 8k HDR, suitable for virtual production --ar 2:1",Skybox AI / Blockade Labs,Pending Generation,VR background for immersive content
MED-COM-0121,Commercial_Coffee_Brand_Morning_30sec.mp4,03_MEDIA_ASSETS,01_Commercial_Spots,Video,4K (3840x2160) 60fps,"Cinematic commercial video, Sisi Lola presenting Coffee Brand Morning, professional product placement, dynamic camera movements, tracking shots, shallow depth of field, color graded, smooth motion, 30 seconds duration, luxury advertising aesthetic",Runway Gen-3 / Kling AI,Pending Generation,30-second commercial spot for monetization
MED-COM-0122,Commercial_Tech_Gadget_Review_30sec.mp4,03_MEDIA_ASSETS,01_Commercial_Spots,Video,4K (3840x2160) 60fps,"Cinematic commercial video, Sisi Lola presenting Tech Gadget Review, professional product placement, dynamic camera movements, tracking shots, shallow depth of field, color graded, smooth motion, 30 seconds duration, luxury advertising aesthetic",Runway Gen-3 / Kling AI,Pending Generation,30-second commercial spot for monetization
MED-COM-0123,Commercial_Fashion_Collection_30sec.mp4,03_MEDIA_ASSETS,01_Commercial_Spots,Video,4K (3840x2160) 60fps,"Cinematic commercial video, Sisi Lola presenting Fashion Collection, professional product placement, dynamic camera movements, tracking shots, shallow depth of field, color graded, smooth motion, 30 seconds duration, luxury advertising aesthetic",Runway Gen-3 / Kling AI,Pending Generation,30-second commercial spot for monetization
MED-COM-0124,Commercial_Luxury_Watch_30sec.mp4,03_MEDIA_ASSETS,01_Commercial_Spots,Video,4K (3840x2160) 60fps,"Cinematic commercial video, Sisi Lola presenting Luxury Watch, professional product placement, dynamic camera movements, tracking shots, shallow depth of field, color graded, smooth motion, 30 seconds duration, luxury advertising aesthetic",Runway Gen-3 / Kling AI,Pending Generation,30-second commercial spot for monetization
MED-COM-0125,Commercial_Smartphone_Launch_30sec.mp4,03_MEDIA_ASSETS,01_Commercial_Spots,Video,4K (3840x2160) 60fps,"Cinematic commercial video, Sisi Lola presenting Smartphone Launch, professional product placement, dynamic camera movements, tracking shots, shallow depth of field, color graded, smooth motion, 30 seconds duration, luxury advertising aesthetic",Runway Gen-3 / Kling AI,Pending Generation,30-second commercial spot for monetization
MED-COM-0126,Commercial_Headphones_Audio_30sec.mp4,03_MEDIA_ASSETS,01_Commercial_Spots,Video,4K (3840x2160) 60fps,"Cinematic commercial video, Sisi Lola presenting Headphones Audio, professional product placement, dynamic camera movements, tracking shots, shallow depth of field, color graded, smooth motion, 30 seconds duration, luxury advertising aesthetic",Runway Gen-3 / Kling AI,Pending Generation,30-second commercial spot for monetization
MED-COM-0127,Commercial_Skincare_Beauty_30sec.mp4,03_MEDIA_ASSETS,01_Commercial_Spots,Video,4K (3840x2160) 60fps,"Cinematic commercial video, Sisi Lola presenting Skincare Beauty, professional product placement, dynamic camera movements, tracking shots, shallow depth of field, color graded, smooth motion, 30 seconds duration, luxury advertising aesthetic",Runway Gen-3 / Kling AI,Pending Generation,30-second commercial spot for monetization
MED-COM-0128,Commercial_Fitness_App_30sec.mp4,03_MEDIA_ASSETS,01_Commercial_Spots,Video,4K (3840x2160) 60fps,"Cinematic commercial video, Sisi Lola presenting Fitness App, professional product placement, dynamic camera movements, tracking shots, shallow depth of field, color graded, smooth motion, 30 seconds duration, luxury advertising aesthetic",Runway Gen-3 / Kling AI,Pending Generation,30-second commercial spot for monetization
MED-COM-0129,Commercial_Education_Platform_30sec.mp4,03_MEDIA_ASSETS,01_Commercial_Spots,Video,4K (3840x2160) 60fps,"Cinematic commercial video, Sisi Lola presenting Education Platform, professional product placement, dynamic camera movements, tracking shots, shallow depth of field, color graded, smooth motion, 30 seconds duration, luxury advertising aesthetic",Runway Gen-3 / Kling AI,Pending Generation,30-second commercial spot for monetization
MED-COM-0130,Commercial_Travel_Destination_30sec.mp4,03_MEDIA_ASSETS,01_Commercial_Spots,Video,4K (3840x2160) 60fps,"Cinematic commercial video, Sisi Lola presenting Travel Destination, professional product placement, dynamic camera movements, tracking shots, shallow depth of field, color graded, smooth motion, 30 seconds duration, luxury advertising aesthetic",Runway Gen-3 / Kling AI,Pending Generation,30-second commercial spot for monetization
MED-COM-0131,Commercial_Car_Luxury_30sec.mp4,03_MEDIA_ASSETS,01_Commercial_Spots,Video,4K (3840x2160) 60fps,"Cinematic commercial video, Sisi Lola presenting Car Luxury, professional product placement, dynamic camera movements, tracking shots, shallow depth of field, color graded, smooth motion, 30 seconds duration, luxury advertising aesthetic",Runway Gen-3 / Kling AI,Pending Generation,30-second commercial spot for monetization
MED-COM-0132,Commercial_Perfume_Fragrance_30sec.mp4,03_MEDIA_ASSETS,01_Commercial_Spots,Video,4K (3840x2160) 60fps,"Cinematic commercial video, Sisi Lola presenting Perfume Fragrance, professional product placement, dynamic camera movements, tracking shots, shallow depth of field, color graded, smooth motion, 30 seconds duration, luxury advertising aesthetic",Runway Gen-3 / Kling AI,Pending Generation,30-second commercial spot for monetization
MED-COM-0133,Commercial_Banking_Fintech_30sec.mp4,03_MEDIA_ASSETS,01_Commercial_Spots,Video,4K (3840x2160) 60fps,"Cinematic commercial video, Sisi Lola presenting Banking Fintech, professional product placement, dynamic camera movements, tracking shots, shallow depth of field, color graded, smooth motion, 30 seconds duration, luxury advertising aesthetic",Runway Gen-3 / Kling AI,Pending Generation,30-second commercial spot for monetization
MED-COM-0134,Commercial_Streaming_Service_30sec.mp4,03_MEDIA_ASSETS,01_Commercial_Spots,Video,4K (3840x2160) 60fps,"Cinematic commercial video, Sisi Lola presenting Streaming Service, professional product placement, dynamic camera movements, tracking shots, shallow depth of field, color graded, smooth motion, 30 seconds duration, luxury advertising aesthetic",Runway Gen-3 / Kling AI,Pending Generation,30-second commercial spot for monetization
MED-COM-0135,Commercial_Gaming_Console_30sec.mp4,03_MEDIA_ASSETS,01_Commercial_Spots,Video,4K (3840x2160) 60fps,"Cinematic commercial video, Sisi Lola presenting Gaming Console, professional product placement, dynamic camera movements, tracking shots, shallow depth of field, color graded, smooth motion, 30 seconds duration, luxury advertising aesthetic",Runway Gen-3 / Kling AI,Pending Generation,30-second commercial spot for monetization
MED-INTRO-0136,Podcast_Intro_Style01_15sec.mp4,03_MEDIA_ASSETS,02_Podcast_Intros,Video,4K (3840x2160) 60fps,"Podcast intro sequence version 1, Sisi Lola walking into frame with confidence, dynamic title reveal 'SISI LOLA', holographic effects, energetic editing, 15 seconds, broadcast quality, modern motion graphics",Runway Gen-3 + After Effects,Pending Generation,Episode intro variation 1
MED-INTRO-0137,Podcast_Intro_Style02_15sec.mp4,03_MEDIA_ASSETS,02_Podcast_Intros,Video,4K (3840x2160) 60fps,"Podcast intro sequence version 2, Sisi Lola walking into frame with confidence, dynamic title reveal 'SISI LOLA', holographic effects, energetic editing, 15 seconds, broadcast quality, modern motion graphics",Runway Gen-3 + After Effects,Pending Generation,Episode intro variation 2
MED-INTRO-0138,Podcast_Intro_Style03_15sec.mp4,03_MEDIA_ASSETS,02_Podcast_Intros,Video,4K (3840x2160) 60fps,"Podcast intro sequence version 3, Sisi Lola walking into frame with confidence, dynamic title reveal 'SISI LOLA', holographic effects, energetic editing, 15 seconds, broadcast quality, modern motion graphics",Runway Gen-3 + After Effects,Pending Generation,Episode intro variation 3
MED-INTRO-0139,Podcast_Intro_Style04_15sec.mp4,03_MEDIA_ASSETS,02_Podcast_Intros,Video,4K (3840x2160) 60fps,"Podcast intro sequence version 4, Sisi Lola walking into frame with confidence, dynamic title reveal 'SISI LOLA', holographic effects, energetic editing, 15 seconds, broadcast quality, modern motion graphics",Runway Gen-3 + After Effects,Pending Generation,Episode intro variation 4
MED-INTRO-0140,Podcast_Intro_Style05_15sec.mp4,03_MEDIA_ASSETS,02_Podcast_Intros,Video,4K (3840x2160) 60fps,"Podcast intro sequence version 5, Sisi Lola walking into frame with confidence, dynamic title reveal 'SISI LOLA', holographic effects, energetic editing, 15 seconds, broadcast quality, modern motion graphics",Runway Gen-3 + After Effects,Pending Generation,Episode intro variation 5
MED-INTRO-0141,Podcast_Intro_Style06_15sec.mp4,03_MEDIA_ASSETS,02_Podcast_Intros,Video,4K (3840x2160) 60fps,"Podcast intro sequence version 6, Sisi Lola walking into frame with confidence, dynamic title reveal 'SISI LOLA', holographic effects, energetic editing, 15 seconds, broadcast quality, modern motion graphics",Runway Gen-3 + After Effects,Pending Generation,Episode intro variation 6
MED-INTRO-0142,Podcast_Intro_Style07_15sec.mp4,03_MEDIA_ASSETS,02_Podcast_Intros,Video,4K (3840x2160) 60fps,"Podcast intro sequence version 7, Sisi Lola walking into frame with confidence, dynamic title reveal 'SISI LOLA', holographic effects, energetic editing, 15 seconds, broadcast quality, modern motion graphics",Runway Gen-3 + After Effects,Pending Generation,Episode intro variation 7
MED-INTRO-0143,Podcast_Intro_Style08_15sec.mp4,03_MEDIA_ASSETS,02_Podcast_Intros,Video,4K (3840x2160) 60fps,"Podcast intro sequence version 8, Sisi Lola walking into frame with confidence, dynamic title reveal 'SISI LOLA', holographic effects, energetic editing, 15 seconds, broadcast quality, modern motion graphics",Runway Gen-3 + After Effects,Pending Generation,Episode intro variation 8
MED-INTRO-0144,Podcast_Intro_Style09_15sec.mp4,03_MEDIA_ASSETS,02_Podcast_Intros,Video,4K (3840x2160) 60fps,"Podcast intro sequence version 9, Sisi Lola walking into frame with confidence, dynamic title reveal 'SISI LOLA', holographic effects, energetic editing, 15 seconds, broadcast quality, modern motion graphics",Runway Gen-3 + After Effects,Pending Generation,Episode intro variation 9
MED-INTRO-0145,Podcast_Intro_Style10_15sec.mp4,03_MEDIA_ASSETS,02_Podcast_Intros,Video,4K (3840x2160) 60fps,"Podcast intro sequence version 10, Sisi Lola walking into frame with confidence, dynamic title reveal 'SISI LOLA', holographic effects, energetic editing, 15 seconds, broadcast quality, modern motion graphics",Runway Gen-3 + After Effects,Pending Generation,Episode intro variation 10
MED-IGSHT-0146,Instagram_Reel_01_60sec.mp4,03_MEDIA_ASSETS,04_Social_Shorts_Instagram,Video,1080x1920 (9:16) 60fps,"Vertical video for Instagram Reels, Sisi Lola delivering engaging content piece 1, quick cuts, trendy transitions, text overlays, hook within first 3 seconds, 60 seconds max, viral-optimized pacing",Runway Gen-3,Pending Generation,Instagram Reels optimized content
MED-IGSHT-0147,Instagram_Reel_02_60sec.mp4,03_MEDIA_ASSETS,04_Social_Shorts_Instagram,Video,1080x1920 (9:16) 60fps,"Vertical video for Instagram Reels, Sisi Lola delivering engaging content piece 2, quick cuts, trendy transitions, text overlays, hook within first 3 seconds, 60 seconds max, viral-optimized pacing",Runway Gen-3,Pending Generation,Instagram Reels optimized content
MED-IGSHT-0148,Instagram_Reel_03_60sec.mp4,03_MEDIA_ASSETS,04_Social_Shorts_Instagram,Video,1080x1920 (9:16) 60fps,"Vertical video for Instagram Reels, Sisi Lola delivering engaging content piece 3, quick cuts, trendy transitions, text overlays, hook within first 3 seconds, 60 seconds max, viral-optimized pacing",Runway Gen-3,Pending Generation,Instagram Reels optimized content
MED-IGSHT-0149,Instagram_Reel_04_60sec.mp4,03_MEDIA_ASSETS,04_Social_Shorts_Instagram,Video,1080x1920 (9:16) 60fps,"Vertical video for Instagram Reels, Sisi Lola delivering engaging content piece 4, quick cuts, trendy transitions, text overlays, hook within first 3 seconds, 60 seconds max, viral-optimized pacing",Runway Gen-3,Pending Generation,Instagram Reels optimized content
MED-IGSHT-0150,Instagram_Reel_05_60sec.mp4,03_MEDIA_ASSETS,04_Social_Shorts_Instagram,Video,1080x1920 (9:16) 60fps,"Vertical video for Instagram Reels, Sisi Lola delivering engaging content piece 5, quick cuts, trendy transitions, text overlays, hook within first 3 seconds, 60 seconds max, viral-optimized pacing",Runway Gen-3,Pending Generation,Instagram Reels optimized content
MED-IGSHT-0151,Instagram_Reel_06_60sec.mp4,03_MEDIA_ASSETS,04_Social_Shorts_Instagram,Video,1080x1920 (9:16) 60fps,"Vertical video for Instagram Reels, Sisi Lola delivering engaging content piece 6, quick cuts, trendy transitions, text overlays, hook within first 3 seconds, 60 seconds max, viral-optimized pacing",Runway Gen-3,Pending Generation,Instagram Reels optimized content
MED-IGSHT-0152,Instagram_Reel_07_60sec.mp4,03_MEDIA_ASSETS,04_Social_Shorts_Instagram,Video,1080x1920 (9:16) 60fps,"Vertical video for Instagram Reels, Sisi Lola delivering engaging content piece 7, quick cuts, trendy transitions, text overlays, hook within first 3 seconds, 60 seconds max, viral-optimized pacing",Runway Gen-3,Pending Generation,Instagram Reels optimized content
MED-IGSHT-0153,Instagram_Reel_08_60sec.mp4,03_MEDIA_ASSETS,04_Social_Shorts_Instagram,Video,1080x1920 (9:16) 60fps,"Vertical video for Instagram Reels, Sisi Lola delivering engaging content piece 8, quick cuts, trendy transitions, text overlays, hook within first 3 seconds, 60 seconds max, viral-optimized pacing",Runway Gen-3,Pending Generation,Instagram Reels optimized content
MED-IGSHT-0154,Instagram_Reel_09_60sec.mp4,03_MEDIA_ASSETS,04_Social_Shorts_Instagram,Video,1080x1920 (9:16) 60fps,"Vertical video for Instagram Reels, Sisi Lola delivering engaging content piece 9, quick cuts, trendy transitions, text overlays, hook within first 3 seconds, 60 seconds max, viral-optimized pacing",Runway Gen-3,Pending Generation,Instagram Reels optimized content
MED-IGSHT-0155,Instagram_Reel_10_60sec.mp4,03_MEDIA_ASSETS,04_Social_Shorts_Instagram,Video,1080x1920 (9:16) 60fps,"Vertical video for Instagram Reels, Sisi Lola delivering engaging content piece 10, quick cuts, trendy transitions, text overlays, hook within first 3 seconds, 60 seconds max, viral-optimized pacing",Runway Gen-3,Pending Generation,Instagram Reels optimized content
MED-IGSHT-0156,Instagram_Reel_11_60sec.mp4,03_MEDIA_ASSETS,04_Social_Shorts_Instagram,Video,1080x1920 (9:16) 60fps,"Vertical video for Instagram Reels, Sisi Lola delivering engaging content piece 11, quick cuts, trendy transitions, text overlays, hook within first 3 seconds, 60 seconds max, viral-optimized pacing",Runway Gen-3,Pending Generation,Instagram Reels optimized content
MED-IGSHT-0157,Instagram_Reel_12_60sec.mp4,03_MEDIA_ASSETS,04_Social_Shorts_Instagram,Video,1080x1920 (9:16) 60fps,"Vertical video for Instagram Reels, Sisi Lola delivering engaging content piece 12, quick cuts, trendy transitions, text overlays, hook within first 3 seconds, 60 seconds max, viral-optimized pacing",Runway Gen-3,Pending Generation,Instagram Reels optimized content
MED-IGSHT-0158,Instagram_Reel_13_60sec.mp4,03_MEDIA_ASSETS,04_Social_Shorts_Instagram,Video,1080x1920 (9:16) 60fps,"Vertical video for Instagram Reels, Sisi Lola delivering engaging content piece 13, quick cuts, trendy transitions, text overlays, hook within first 3 seconds, 60 seconds max, viral-optimized pacing",Runway Gen-3,Pending Generation,Instagram Reels optimized content
MED-IGSHT-0159,Instagram_Reel_14_60sec.mp4,03_MEDIA_ASSETS,04_Social_Shorts_Instagram,Video,1080x1920 (9:16) 60fps,"Vertical video for Instagram Reels, Sisi Lola delivering engaging content piece 14, quick cuts, trendy transitions, text overlays, hook within first 3 seconds, 60 seconds max, viral-optimized pacing",Runway Gen-3,Pending Generation,Instagram Reels optimized content
MED-IGSHT-0160,Instagram_Reel_15_60sec.mp4,03_MEDIA_ASSETS,04_Social_Shorts_Instagram,Video,1080x1920 (9:16) 60fps,"Vertical video for Instagram Reels, Sisi Lola delivering engaging content piece 15, quick cuts, trendy transitions, text overlays, hook within first 3 seconds, 60 seconds max, viral-optimized pacing",Runway Gen-3,Pending Generation,Instagram Reels optimized content
MED-TKSHT-0161,TikTok_Short_01_30sec.mp4,03_MEDIA_ASSETS,05_Social_Shorts_TikTok,Video,1080x1920 (9:16) 60fps,"TikTok format video, Sisi Lola quick tip/fact/reaction 1, high energy, trending audio compatible, fast paced, engaging hook, 15-30 seconds, algorithm optimized",Runway Gen-3,Pending Generation,TikTok platform specific content
MED-TKSHT-0162,TikTok_Short_02_30sec.mp4,03_MEDIA_ASSETS,05_Social_Shorts_TikTok,Video,1080x1920 (9:16) 60fps,"TikTok format video, Sisi Lola quick tip/fact/reaction 2, high energy, trending audio compatible, fast paced, engaging hook, 15-30 seconds, algorithm optimized",Runway Gen-3,Pending Generation,TikTok platform specific content
MED-TKSHT-0163,TikTok_Short_03_30sec.mp4,03_MEDIA_ASSETS,05_Social_Shorts_TikTok,Video,1080x1920 (9:16) 60fps,"TikTok format video, Sisi Lola quick tip/fact/reaction 3, high energy, trending audio compatible, fast paced, engaging hook, 15-30 seconds, algorithm optimized",Runway Gen-3,Pending Generation,TikTok platform specific content
MED-TKSHT-0164,TikTok_Short_04_30sec.mp4,03_MEDIA_ASSETS,05_Social_Shorts_TikTok,Video,1080x1920 (9:16) 60fps,"TikTok format video, Sisi Lola quick tip/fact/reaction 4, high energy, trending audio compatible, fast paced, engaging hook, 15-30 seconds, algorithm optimized",Runway Gen-3,Pending Generation,TikTok platform specific content
MED-TKSHT-0165,TikTok_Short_05_30sec.mp4,03_MEDIA_ASSETS,05_Social_Shorts_TikTok,Video,1080x1920 (9:16) 60fps,"TikTok format video, Sisi Lola quick tip/fact/reaction 5, high energy, trending audio compatible, fast paced, engaging hook, 15-30 seconds, algorithm optimized",Runway Gen-3,Pending Generation,TikTok platform specific content
MED-TKSHT-0166,TikTok_Short_06_30sec.mp4,03_MEDIA_ASSETS,05_Social_Shorts_TikTok,Video,1080x1920 (9:16) 60fps,"TikTok format video, Sisi Lola quick tip/fact/reaction 6, high energy, trending audio compatible, fast paced, engaging hook, 15-30 seconds, algorithm optimized",Runway Gen-3,Pending Generation,TikTok platform specific content
MED-TKSHT-0167,TikTok_Short_07_30sec.mp4,03_MEDIA_ASSETS,05_Social_Shorts_TikTok,Video,1080x1920 (9:16) 60fps,"TikTok format video, Sisi Lola quick tip/fact/reaction 7, high energy, trending audio compatible, fast paced, engaging hook, 15-30 seconds, algorithm optimized",Runway Gen-3,Pending Generation,TikTok platform specific content
MED-TKSHT-0168,TikTok_Short_08_30sec.mp4,03_MEDIA_ASSETS,05_Social_Shorts_TikTok,Video,1080x1920 (9:16) 60fps,"TikTok format video, Sisi Lola quick tip/fact/reaction 8, high energy, trending audio compatible, fast paced, engaging hook, 15-30 seconds, algorithm optimized",Runway Gen-3,Pending Generation,TikTok platform specific content
MED-TKSHT-0169,TikTok_Short_09_30sec.mp4,03_MEDIA_ASSETS,05_Social_Shorts_TikTok,Video,1080x1920 (9:16) 60fps,"TikTok format video, Sisi Lola quick tip/fact/reaction 9, high energy, trending audio compatible, fast paced, engaging hook, 15-30 seconds, algorithm optimized",Runway Gen-3,Pending Generation,TikTok platform specific content
MED-TKSHT-0170,TikTok_Short_10_30sec.mp4,03_MEDIA_ASSETS,05_Social_Shorts_TikTok,Video,1080x1920 (9:16) 60fps,"TikTok format video, Sisi Lola quick tip/fact/reaction 10, high energy, trending audio compatible, fast paced, engaging hook, 15-30 seconds, algorithm optimized",Runway Gen-3,Pending Generation,TikTok platform specific content
AUD-VOICE-0171,Voice_Sample_Professional_Introduction.wav,04_AUDIO_CORE,01_Voice_Samples,Audio,48kHz 24-bit WAV,"Voice recording: Sisi Lola speaking in Professional Introduction tone, Nigerian-British accent (Lagos to London), warm and authoritative, clear articulation, professional studio quality, 30-60 seconds",ElevenLabs / Professional Voice Actor Recording,Pending Generation,Voice library for cloning and training
AUD-VOICE-0172,Voice_Sample_Casual_Chat.wav,04_AUDIO_CORE,01_Voice_Samples,Audio,48kHz 24-bit WAV,"Voice recording: Sisi Lola speaking in Casual Chat tone, Nigerian-British accent (Lagos to London), warm and authoritative, clear articulation, professional studio quality, 30-60 seconds",ElevenLabs / Professional Voice Actor Recording,Pending Generation,Voice library for cloning and training
AUD-VOICE-0173,Voice_Sample_Excited_Announcement.wav,04_AUDIO_CORE,01_Voice_Samples,Audio,48kHz 24-bit WAV,"Voice recording: Sisi Lola speaking in Excited Announcement tone, Nigerian-British accent (Lagos to London), warm and authoritative, clear articulation, professional studio quality, 30-60 seconds",ElevenLabs / Professional Voice Actor Recording,Pending Generation,Voice library for cloning and training
AUD-VOICE-0174,Voice_Sample_Thoughtful_Analysis.wav,04_AUDIO_CORE,01_Voice_Samples,Audio,48kHz 24-bit WAV,"Voice recording: Sisi Lola speaking in Thoughtful Analysis tone, Nigerian-British accent (Lagos to London), warm and authoritative, clear articulation, professional studio quality, 30-60 seconds",ElevenLabs / Professional Voice Actor Recording,Pending Generation,Voice library for cloning and training
AUD-VOICE-0175,Voice_Sample_Humorous_Anecdote.wav,04_AUDIO_CORE,01_Voice_Samples,Audio,48kHz 24-bit WAV,"Voice recording: Sisi Lola speaking in Humorous Anecdote tone, Nigerian-British accent (Lagos to London), warm and authoritative, clear articulation, professional studio quality, 30-60 seconds",ElevenLabs / Professional Voice Actor Recording,Pending Generation,Voice library for cloning and training
AUD-VOICE-0176,Voice_Sample_Empathetic_Support.wav,04_AUDIO_CORE,01_Voice_Samples,Audio,48kHz 24-bit WAV,"Voice recording: Sisi Lola speaking in Empathetic Support tone, Nigerian-British accent (Lagos to London), warm and authoritative, clear articulation, professional studio quality, 30-60 seconds",ElevenLabs / Professional Voice Actor Recording,Pending Generation,Voice library for cloning and training
AUD-VOICE-0177,Voice_Sample_Nigerian_Pidgin_Casual.wav,04_AUDIO_CORE,01_Voice_Samples,Audio,48kHz 24-bit WAV,"Voice recording: Sisi Lola speaking in Nigerian Pidgin Casual tone, Nigerian-British accent (Lagos to London), warm and authoritative, clear articulation, professional studio quality, 30-60 seconds",ElevenLabs / Professional Voice Actor Recording,Pending Generation,Voice library for cloning and training
AUD-VOICE-0178,Voice_Sample_Formal_Presentation.wav,04_AUDIO_CORE,01_Voice_Samples,Audio,48kHz 24-bit WAV,"Voice recording: Sisi Lola speaking in Formal Presentation tone, Nigerian-British accent (Lagos to London), warm and authoritative, clear articulation, professional studio quality, 30-60 seconds",ElevenLabs / Professional Voice Actor Recording,Pending Generation,Voice library for cloning and training
AUD-VOICE-0179,Voice_Sample_Whispered_ASMR.wav,04_AUDIO_CORE,01_Voice_Samples,Audio,48kHz 24-bit WAV,"Voice recording: Sisi Lola speaking in Whispered ASMR tone, Nigerian-British accent (Lagos to London), warm and authoritative, clear articulation, professional studio quality, 30-60 seconds",ElevenLabs / Professional Voice Actor Recording,Pending Generation,Voice library for cloning and training
AUD-VOICE-0180,Voice_Sample_Energetic_Hype.wav,04_AUDIO_CORE,01_Voice_Samples,Audio,48kHz 24-bit WAV,"Voice recording: Sisi Lola speaking in Energetic Hype tone, Nigerian-British accent (Lagos to London), warm and authoritative, clear articulation, professional studio quality, 30-60 seconds",ElevenLabs / Professional Voice Actor Recording,Pending Generation,Voice library for cloning and training
AUD-SCAPE-0181,Soundscape_Studio_Ambient_Quiet.wav,04_AUDIO_CORE,03_Soundscapes_Ambient,Audio,48kHz 24-bit Stereo/Binaural,"Ambient soundscape: Studio Ambient Quiet, subtle background audio, immersive, loops seamlessly, binaural recording if applicable, 2-5 minutes duration",Field Recording / Splice / AudioSparx,Pending Generation,Background audio for content atmosphere
AUD-SCAPE-0182,Soundscape_Lagos_Street_Morning.wav,04_AUDIO_CORE,03_Soundscapes_Ambient,Audio,48kHz 24-bit Stereo/Binaural,"Ambient soundscape: Lagos Street Morning, subtle background audio, immersive, loops seamlessly, binaural recording if applicable, 2-5 minutes duration",Field Recording / Splice / AudioSparx,Pending Generation,Background audio for content atmosphere
AUD-SCAPE-0183,Soundscape_Tech_Lab_Hum.wav,04_AUDIO_CORE,03_Soundscapes_Ambient,Audio,48kHz 24-bit Stereo/Binaural,"Ambient soundscape: Tech Lab Hum, subtle background audio, immersive, loops seamlessly, binaural recording if applicable, 2-5 minutes duration",Field Recording / Splice / AudioSparx,Pending Generation,Background audio for content atmosphere
AUD-SCAPE-0184,Soundscape_Luxury_Lounge_Subtle.wav,04_AUDIO_CORE,03_Soundscapes_Ambient,Audio,48kHz 24-bit Stereo/Binaural,"Ambient soundscape: Luxury Lounge Subtle, subtle background audio, immersive, loops seamlessly, binaural recording if applicable, 2-5 minutes duration",Field Recording / Splice / AudioSparx,Pending Generation,Background audio for content atmosphere
AUD-SCAPE-0185,Soundscape_Nature_Calm_Forest.wav,04_AUDIO_CORE,03_Soundscapes_Ambient,Audio,48kHz 24-bit Stereo/Binaural,"Ambient soundscape: Nature Calm Forest, subtle background audio, immersive, loops seamlessly, binaural recording if applicable, 2-5 minutes duration",Field Recording / Splice / AudioSparx,Pending Generation,Background audio for content atmosphere
AUD-SCAPE-0186,Soundscape_Urban_Night_Distant.wav,04_AUDIO_CORE,03_Soundscapes_Ambient,Audio,48kHz 24-bit Stereo/Binaural,"Ambient soundscape: Urban Night Distant, subtle background audio, immersive, loops seamlessly, binaural recording if applicable, 2-5 minutes duration",Field Recording / Splice / AudioSparx,Pending Generation,Background audio for content atmosphere
AUD-SCAPE-0187,Soundscape_Office_Background_Professional.wav,04_AUDIO_CORE,03_Soundscapes_Ambient,Audio,48kHz 24-bit Stereo/Binaural,"Ambient soundscape: Office Background Professional, subtle background audio, immersive, loops seamlessly, binaural recording if applicable, 2-5 minutes duration",Field Recording / Splice / AudioSparx,Pending Generation,Background audio for content atmosphere
AUD-SCAPE-0188,Soundscape_Beach_Waves_Gentle.wav,04_AUDIO_CORE,03_Soundscapes_Ambient,Audio,48kHz 24-bit Stereo/Binaural,"Ambient soundscape: Beach Waves Gentle, subtle background audio, immersive, loops seamlessly, binaural recording if applicable, 2-5 minutes duration",Field Recording / Splice / AudioSparx,Pending Generation,Background audio for content atmosphere
AUD-SCAPE-0189,Soundscape_Rain_Window_Cozy.wav,04_AUDIO_CORE,03_Soundscapes_Ambient,Audio,48kHz 24-bit Stereo/Binaural,"Ambient soundscape: Rain Window Cozy, subtle background audio, immersive, loops seamlessly, binaural recording if applicable, 2-5 minutes duration",Field Recording / Splice / AudioSparx,Pending Generation,Background audio for content atmosphere
AUD-SCAPE-0190,Soundscape_Space_Station_Ambience.wav,04_AUDIO_CORE,03_Soundscapes_Ambient,Audio,48kHz 24-bit Stereo/Binaural,"Ambient soundscape: Space Station Ambience, subtle background audio, immersive, loops seamlessly, binaural recording if applicable, 2-5 minutes duration",Field Recording / Splice / AudioSparx,Pending Generation,Background audio for content atmosphere
AUD-MUSIC-0191,Music_Bed_AfroFuture_01.wav,04_AUDIO_CORE,04_Music_Beds,Audio,48kHz 24-bit Stereo,"Instrumental music bed version 1, Afrobeat fused with synthwave/electronic, modern production, suitable for podcast background, loops seamlessly, 120-140 BPM, 3-4 minutes, royalty-free style",Suno AI / Udio / Licensed Music Library,Pending Generation,Background music for episodes
AUD-MUSIC-0192,Music_Bed_AfroFuture_02.wav,04_AUDIO_CORE,04_Music_Beds,Audio,48kHz 24-bit Stereo,"Instrumental music bed version 2, Afrobeat fused with synthwave/electronic, modern production, suitable for podcast background, loops seamlessly, 120-140 BPM, 3-4 minutes, royalty-free style",Suno AI / Udio / Licensed Music Library,Pending Generation,Background music for episodes
AUD-MUSIC-0193,Music_Bed_AfroFuture_03.wav,04_AUDIO_CORE,04_Music_Beds,Audio,48kHz 24-bit Stereo,"Instrumental music bed version 3, Afrobeat fused with synthwave/electronic, modern production, suitable for podcast background, loops seamlessly, 120-140 BPM, 3-4 minutes, royalty-free style",Suno AI / Udio / Licensed Music Library,Pending Generation,Background music for episodes
AUD-MUSIC-0194,Music_Bed_AfroFuture_04.wav,04_AUDIO_CORE,04_Music_Beds,Audio,48kHz 24-bit Stereo,"Instrumental music bed version 4, Afrobeat fused with synthwave/electronic, modern production, suitable for podcast background, loops seamlessly, 120-140 BPM, 3-4 minutes, royalty-free style",Suno AI / Udio / Licensed Music Library,Pending Generation,Background music for episodes
AUD-MUSIC-0195,Music_Bed_AfroFuture_05.wav,04_AUDIO_CORE,04_Music_Beds,Audio,48kHz 24-bit Stereo,"Instrumental music bed version 5, Afrobeat fused with synthwave/electronic, modern production, suitable for podcast background, loops seamlessly, 120-140 BPM, 3-4 minutes, royalty-free style",Suno AI / Udio / Licensed Music Library,Pending Generation,Background music for episodes
AUD-MUSIC-0196,Music_Bed_AfroFuture_06.wav,04_AUDIO_CORE,04_Music_Beds,Audio,48kHz 24-bit Stereo,"Instrumental music bed version 6, Afrobeat fused with synthwave/electronic, modern production, suitable for podcast background, loops seamlessly, 120-140 BPM, 3-4 minutes, royalty-free style",Suno AI / Udio / Licensed Music Library,Pending Generation,Background music for episodes
AUD-MUSIC-0197,Music_Bed_AfroFuture_07.wav,04_AUDIO_CORE,04_Music_Beds,Audio,48kHz 24-bit Stereo,"Instrumental music bed version 7, Afrobeat fused with synthwave/electronic, modern production, suitable for podcast background, loops seamlessly, 120-140 BPM, 3-4 minutes, royalty-free style",Suno AI / Udio / Licensed Music Library,Pending Generation,Background music for episodes
AUD-MUSIC-0198,Music_Bed_AfroFuture_08.wav,04_AUDIO_CORE,04_Music_Beds,Audio,48kHz 24-bit Stereo,"Instrumental music bed version 8, Afrobeat fused with synthwave/electronic, modern production, suitable for podcast background, loops seamlessly, 120-140 BPM, 3-4 minutes, royalty-free style",Suno AI / Udio / Licensed Music Library,Pending Generation,Background music for episodes
AUD-MUSIC-0199,Music_Bed_AfroFuture_09.wav,04_AUDIO_CORE,04_Music_Beds,Audio,48kHz 24-bit Stereo,"Instrumental music bed version 9, Afrobeat fused with synthwave/electronic, modern production, suitable for podcast background, loops seamlessly, 120-140 BPM, 3-4 minutes, royalty-free style",Suno AI / Udio / Licensed Music Library,Pending Generation,Background music for episodes
AUD-MUSIC-0200,Music_Bed_AfroFuture_10.wav,04_AUDIO_CORE,04_Music_Beds,Audio,48kHz 24-bit Stereo,"Instrumental music bed version 10, Afrobeat fused with synthwave/electronic, modern production, suitable for podcast background, loops seamlessly, 120-140 BPM, 3-4 minutes, royalty-free style",Suno AI / Udio / Licensed Music Library,Pending Generation,Background music for episodes
BRD-LOGO2D-0201,Logo_2D_Main_Full_Color.png,05_BRANDING_ARTIFACTS,01_Logos_2D,Image,4K (4000x4000) PNG with transparency,"Professional logo design for 'SISI LOLA', Main Full Color, afro-futurist aesthetic, clean modern typography, geometric elements, holographic accents, scalable vector style, suitable for all media",Midjourney v6 / Adobe Illustrator,Pending Generation,Logo variation for different uses
BRD-LOGO2D-0202,Logo_2D_Monochrome_Black.png,05_BRANDING_ARTIFACTS,01_Logos_2D,Image,4K (4000x4000) PNG with transparency,"Professional logo design for 'SISI LOLA', Monochrome Black, afro-futurist aesthetic, clean modern typography, geometric elements, holographic accents, scalable vector style, suitable for all media",Midjourney v6 / Adobe Illustrator,Pending Generation,Logo variation for different uses
BRD-LOGO2D-0203,Logo_2D_Monochrome_White.png,05_BRANDING_ARTIFACTS,01_Logos_2D,Image,4K (4000x4000) PNG with transparency,"Professional logo design for 'SISI LOLA', Monochrome White, afro-futurist aesthetic, clean modern typography, geometric elements, holographic accents, scalable vector style, suitable for all media",Midjourney v6 / Adobe Illustrator,Pending Generation,Logo variation for different uses
BRD-LOGO2D-0204,Logo_2D_Icon_Only.png,05_BRANDING_ARTIFACTS,01_Logos_2D,Image,4K (4000x4000) PNG with transparency,"Professional logo design for 'SISI LOLA', Icon Only, afro-futurist aesthetic, clean modern typography, geometric elements, holographic accents, scalable vector style, suitable for all media",Midjourney v6 / Adobe Illustrator,Pending Generation,Logo variation for different uses
BRD-LOGO2D-0205,Logo_2D_Wordmark_Only.png,05_BRANDING_ARTIFACTS,01_Logos_2D,Image,4K (4000x4000) PNG with transparency,"Professional logo design for 'SISI LOLA', Wordmark Only, afro-futurist aesthetic, clean modern typography, geometric elements, holographic accents, scalable vector style, suitable for all media",Midjourney v6 / Adobe Illustrator,Pending Generation,Logo variation for different uses
BRD-LOGO3D-0206,Logo_3D_Holographic_Angle1.png,05_BRANDING_ARTIFACTS,02_Logos_3D_Holographic,Image/3D Render,4K (3840x2160),"3D holographic logo 'SISI LOLA', floating in space, glowing edges, transparent glass effect with rainbow reflections, angle 1/5, cinematic lighting, rendered in Blender/Cinema 4D style, black background",Midjourney v6 / Blender,Pending Generation,3D logo for video intros and VR
BRD-LOGO3D-0207,Logo_3D_Holographic_Angle2.png,05_BRANDING_ARTIFACTS,02_Logos_3D_Holographic,Image/3D Render,4K (3840x2160),"3D holographic logo 'SISI LOLA', floating in space, glowing edges, transparent glass effect with rainbow reflections, angle 2/5, cinematic lighting, rendered in Blender/Cinema 4D style, black background",Midjourney v6 / Blender,Pending Generation,3D logo for video intros and VR
BRD-LOGO3D-0208,Logo_3D_Holographic_Angle3.png,05_BRANDING_ARTIFACTS,02_Logos_3D_Holographic,Image/3D Render,4K (3840x2160),"3D holographic logo 'SISI LOLA', floating in space, glowing edges, transparent glass effect with rainbow reflections, angle 3/5, cinematic lighting, rendered in Blender/Cinema 4D style, black background",Midjourney v6 / Blender,Pending Generation,3D logo for video intros and VR
BRD-LOGO3D-0209,Logo_3D_Holographic_Angle4.png,05_BRANDING_ARTIFACTS,02_Logos_3D_Holographic,Image/3D Render,4K (3840x2160),"3D holographic logo 'SISI LOLA', floating in space, glowing edges, transparent glass effect with rainbow reflections, angle 4/5, cinematic lighting, rendered in Blender/Cinema 4D style, black background",Midjourney v6 / Blender,Pending Generation,3D logo for video intros and VR
BRD-LOGO3D-0210,Logo_3D_Holographic_Angle5.png,05_BRANDING_ARTIFACTS,02_Logos_3D_Holographic,Image/3D Render,4K (3840x2160),"3D holographic logo 'SISI LOLA', floating in space, glowing edges, transparent glass effect with rainbow reflections, angle 5/5, cinematic lighting, rendered in Blender/Cinema 4D style, black background",Midjourney v6 / Blender,Pending Generation,3D logo for video intros and VR
BRD-UI-0211,UI_Overlay_Lower_Third_Name.png,05_BRANDING_ARTIFACTS,03_UI_Overlays,Image/Animation,4K (3840x2160) with Alpha,"User interface overlay element: Lower Third Name, modern afro-futurist design, holographic aesthetic, purple and gold accent colors, clean typography, broadcast safe, transparent background",Figma / After Effects / Canva Pro,Pending Generation,Video overlay graphics for post-production
BRD-UI-0212,UI_Overlay_Subscribe_Button_Animated.png,05_BRANDING_ARTIFACTS,03_UI_Overlays,Image/Animation,4K (3840x2160) with Alpha,"User interface overlay element: Subscribe Button Animated, modern afro-futurist design, holographic aesthetic, purple and gold accent colors, clean typography, broadcast safe, transparent background",Figma / After Effects / Canva Pro,Pending Generation,Video overlay graphics for post-production
BRD-UI-0213,UI_Overlay_Like_Share_CTA.png,05_BRANDING_ARTIFACTS,03_UI_Overlays,Image/Animation,4K (3840x2160) with Alpha,"User interface overlay element: Like Share CTA, modern afro-futurist design, holographic aesthetic, purple and gold accent colors, clean typography, broadcast safe, transparent background",Figma / After Effects / Canva Pro,Pending Generation,Video overlay graphics for post-production
BRD-UI-0214,UI_Overlay_Episode_Title_Card.png,05_BRANDING_ARTIFACTS,03_UI_Overlays,Image/Animation,4K (3840x2160) with Alpha,"User interface overlay element: Episode Title Card, modern afro-futurist design, holographic aesthetic, purple and gold accent colors, clean typography, broadcast safe, transparent background",Figma / After Effects / Canva Pro,Pending Generation,Video overlay graphics for post-production
BRD-UI-0215,UI_Overlay_Sponsor_Banner.png,05_BRANDING_ARTIFACTS,03_UI_Overlays,Image/Animation,4K (3840x2160) with Alpha,"User interface overlay element: Sponsor Banner, modern afro-futurist design, holographic aesthetic, purple and gold accent colors, clean typography, broadcast safe, transparent background",Figma / After Effects / Canva Pro,Pending Generation,Video overlay graphics for post-production
BRD-UI-0216,UI_Overlay_Social_Media_Handles.png,05_BRANDING_ARTIFACTS,03_UI_Overlays,Image/Animation,4K (3840x2160) with Alpha,"User interface overlay element: Social Media Handles, modern afro-futurist design, holographic aesthetic, purple and gold accent colors, clean typography, broadcast safe, transparent background",Figma / After Effects / Canva Pro,Pending Generation,Video overlay graphics for post-production
BRD-UI-0217,UI_Overlay_Timer_Countdown.png,05_BRANDING_ARTIFACTS,03_UI_Overlays,Image/Animation,4K (3840x2160) with Alpha,"User interface overlay element: Timer Countdown, modern afro-futurist design, holographic aesthetic, purple and gold accent colors, clean typography, broadcast safe, transparent background",Figma / After Effects / Canva Pro,Pending Generation,Video overlay graphics for post-production
BRD-UI-0218,UI_Overlay_Progress_Bar.png,05_BRANDING_ARTIFACTS,03_UI_Overlays,Image/Animation,4K (3840x2160) with Alpha,"User interface overlay element: Progress Bar, modern afro-futurist design, holographic aesthetic, purple and gold accent colors, clean typography, broadcast safe, transparent background",Figma / After Effects / Canva Pro,Pending Generation,Video overlay graphics for post-production
BRD-UI-0219,UI_Overlay_Notification_Popup.png,05_BRANDING_ARTIFACTS,03_UI_Overlays,Image/Animation,4K (3840x2160) with Alpha,"User interface overlay element: Notification Popup, modern afro-futurist design, holographic aesthetic, purple and gold accent colors, clean typography, broadcast safe, transparent background",Figma / After Effects / Canva Pro,Pending Generation,Video overlay graphics for post-production
BRD-UI-0220,UI_Overlay_End_Screen_Template.png,05_BRANDING_ARTIFACTS,03_UI_Overlays,Image/Animation,4K (3840x2160) with Alpha,"User interface overlay element: End Screen Template, modern afro-futurist design, holographic aesthetic, purple and gold accent colors, clean typography, broadcast safe, transparent background",Figma / After Effects / Canva Pro,Pending Generation,Video overlay graphics for post-production
